uid,pitNamedLocation,endDate,depthIncrementID,sampleID,archiveID,rootStatus,sizeCategory,rootDryMass,incrementRootBiomass,incrementRootDensity,publicationDate,release
3ff76d43-f743-4a24-98d7-8be10c950fcb,MEGAPT100963,2013-08-19,BART.2.60,BART.2.60.LIVE.<2MM,BART.2.60.LIVE.<2MM,live,<=2mm,0.1311,9.36,93.64,20211220T233412Z,RELEASE-2022
6f1931ef-d2e6-4544-868e-2e8f6c0d535f,MEGAPT100963,2013-08-19,BART.3.10,BART.3.10.DEAD.<2MM,BART.3.10.DEAD.<2MM,dead,<=2mm,0.8598,45.93,459.3,20211220T233412Z,RELEASE-2022
3630f6ee-f95a-45a3-9229-59313028d8a8,MEGAPT100963,2013-08-19,BART.3.10,BART.3.10.LIVE.>2MM,BART.3.10.LIVE.>2MM,live,>2mm,8.3646,446.83,4468.27,20211220T233412Z,RELEASE-2022
5027dee5-6a78-43e1-a5b0-560075f78e03,MEGAPT100963,2013-08-19,BART.3.20,BART.3.20.LIVE.<2MM,BART.3.20.LIVE.<2MM,live,<=2mm,1.4385,143.85,1438.5,20211220T233412Z,RELEASE-2022
dd73ea7d-5cbc-4ace-ac91-b937a9f5479c,MEGAPT100963,2013-08-19,BART.3.80,BART.3.80.LIVE.<2MM,"",live,<=2mm,0.009,0.83,8.33,20211220T233412Z,RELEASE-2022
405fd049-ba31-4984-af4f-7bc792811d6e,MEGAPT100963,2013-08-19,BART.3.90,BART.3.90.DEAD.<2MM,BART.3.90.DEAD.<2MM,dead,<=2mm,0.1876,17.05,170.55,20211220T233412Z,RELEASE-2022
6759904a-59f7-42aa-b25c-56be6252d810,MEGAPT100963,2013-08-19,BART.2.90,BART.2.90.LIVE.<2MM,BART.2.90.LIVE.<2MM,live,<=2mm,0.1773,16.42,164.17,20211220T233412Z,RELEASE-2022
a596c4b4-fd76-4966-8757-3f0860f047f7,MEGAPT100963,2013-08-19,BART.3.40,BART.3.40.DEAD.<2MM,BART.3.40.DEAD.<2MM,dead,<=2mm,0.0344,3.13,31.27,20211220T233412Z,RELEASE-2022
38f49e62-88d5-4fab-993b-aa59a55c8776,MEGAPT100963,2013-08-19,BART.2.80,BART.2.80.LIVE.<2MM,"",live,<=2mm,0.0075,0.8,7.97,20211220T233412Z,RELEASE-2022
4fcef86e-9d46-4e4f-961f-7ae114a75b4b,MEGAPT100963,2013-08-19,BART.3.30,BART.3.30.LIVE.<2MM,BART.3.30.LIVE.<2MM,live,<=2mm,0.4724,42.95,429.46,20211220T233412Z,RELEASE-2022
e93e8b19-af17-4388-b21f-a8604c91a4de,MEGAPT100963,2013-08-19,BART.2.20,BART.2.20.LIVE.<2MM,BART.2.20.LIVE.<2MM,live,<=2mm,1.2115,269.22,2692.22,20211220T233412Z,RELEASE-2022
7903d555-e870-44ec-aaf9-0a16de598894,MEGAPT100963,2013-08-19,BART.3.0,BART.3.0.DEAD.>2MM,BART.3.0.DEAD.>2MM,dead,>2mm,0.3299,33.32,333.23,20211220T233412Z,RELEASE-2022
0b079a27-6c6b-486c-bc8d-208c11bc592f,MEGAPT100963,2013-08-19,BART.3.10,BART.3.10.LIVE.<2MM,BART.3.10.LIVE.<2MM,live,<=2mm,4.2613,227.63,2276.34,20211220T233412Z,RELEASE-2022
6476c013-3373-4da0-881a-a82840e1bb55,MEGAPT100963,2013-08-19,BART.3.10,BART.3.10.DEAD.>2MM,BART.3.10.DEAD.>2MM,dead,>2mm,0.8381,44.77,447.7,20211220T233412Z,RELEASE-2022
e7fd92be-2dc2-48b8-a964-7498869d65ef,MEGAPT100963,2013-08-19,BART.3.40,BART.3.40.LIVE.<2MM,BART.3.40.LIVE.<2MM,live,<=2mm,0.1256,11.42,114.18,20211220T233412Z,RELEASE-2022
2898f264-3f77-4934-8c84-3ab3a8f64e58,MEGAPT100963,2013-08-19,BART.3.20,BART.3.20.DEAD.<2MM,BART.3.20.DEAD.<2MM,dead,<=2mm,0.4613,46.13,461.3,20211220T233412Z,RELEASE-2022
b0348c7c-17e3-4333-a91b-e0878793c2e7,MEGAPT100963,2013-08-19,BART.3.60,BART.3.60.DEAD.<2MM,BART.3.60.DEAD.<2MM,dead,<=2mm,0.061,6.1,61,20211220T233412Z,RELEASE-2022
ffeaa9ba-b6e0-4483-8195-c988e1312d4e,MEGAPT100963,2013-08-19,BART.3.20,BART.3.20.DEAD.>2MM,BART.3.20.DEAD.>2MM,dead,>2mm,0.3755,37.55,375.5,20211220T233412Z,RELEASE-2022
90558b2e-8860-4c29-8fee-535b690cc318,MEGAPT100963,2013-08-19,BART.2.120,BART.2.120.LIVE.<2MM,"",live,<=2mm,7e-04,0.06,0.32,20211220T233412Z,RELEASE-2022
7b864aa1-897a-40a5-b433-9ffbaa98ff6e,MEGAPT100963,2013-08-19,BART.2.100,BART.2.100.LIVE.<2MM,"",live,<=2mm,0.0085,0.85,4.25,20211220T233412Z,RELEASE-2022
7fbea309-2371-4ecb-ba51-4ce71175b2ee,MEGAPT100963,2013-08-19,BART.3.100,BART.3.100.DEAD.<2MM,BART.3.100.DEAD.<2MM,dead,<=2mm,0.0392,4.36,21.78,20211220T233412Z,RELEASE-2022
0256cfb6-842f-40e4-828a-7059941fdf05,MEGAPT100963,2013-08-19,BART.3.70,BART.3.70.DEAD.<2MM,BART.3.70.DEAD.<2MM,dead,<=2mm,0.0657,6.26,62.57,20211220T233412Z,RELEASE-2022
67b7ee40-8955-4ef1-b01f-549775bfd247,MEGAPT100963,2013-08-19,BART.3.70,BART.3.70.LIVE.<2MM,BART.3.70.LIVE.<2MM,live,<=2mm,0.0261,2.49,24.86,20211220T233412Z,RELEASE-2022
bbe082b6-a661-4aa5-aa7a-71887963f520,MEGAPT100963,2013-08-19,BART.2.50,BART.2.50.LIVE.<2MM,BART.2.50.LIVE.<2MM,live,<=2mm,0.2009,13.05,130.46,20211220T233412Z,RELEASE-2022
fa6757b7-d1a8-4bbc-84f2-50dd044456c2,MEGAPT100963,2013-08-19,BART.3.30,BART.3.30.DEAD.<2MM,BART.3.30.DEAD.<2MM,dead,<=2mm,0.3362,30.56,305.64,20211220T233412Z,RELEASE-2022
3570a88b-45ce-4d32-bd7b-9c61280f0ec3,MEGAPT100963,2013-08-19,BART.3.20,BART.3.20.LIVE.>2MM,BART.3.20.LIVE.>2MM,live,>2mm,1.1524,115.24,1152.4,20211220T233412Z,RELEASE-2022
04686f72-42d5-4fb1-95ec-2ecea0da56d7,MEGAPT100963,2013-08-19,BART.2.70,BART.2.70.LIVE.<2MM,BART.2.70.LIVE.<2MM,live,<=2mm,0.1532,15.32,153.2,20211220T233412Z,RELEASE-2022
b539ba9a-0c00-4dc7-ac53-5f675400a68b,MEGAPT100963,2013-08-19,BART.2.140,BART.2.140.LIVE.<2MM,"",live,<=2mm,3e-04,0.03,0.15,20211220T233412Z,RELEASE-2022
89eeaf9e-fea4-4ae2-81a8-78708e4695ba,MEGAPT100963,2013-08-19,BART.2.40,BART.2.40.LIVE.<2MM,BART.2.40.LIVE.<2MM,live,<=2mm,0.1783,14.86,148.58,20211220T233412Z,RELEASE-2022
966cf5c6-6c9f-481a-baef-aae7aa77d486,MEGAPT100963,2013-08-19,BART.3.0,BART.3.0.DEAD.<2MM,BART.3.0.DEAD.<2MM,dead,<=2mm,0.6207,62.7,626.97,20211220T233412Z,RELEASE-2022
45bcd4ca-a9df-4ccb-b7e1-2004ee185740,MEGAPT100963,2013-08-19,BART.3.50,BART.3.50.LIVE.<2MM,BART.3.50.LIVE.<2MM,live,<=2mm,0.0391,3.91,39.1,20211220T233412Z,RELEASE-2022
dda896bd-4a17-4ff5-bfad-4b5bbf3016f8,MEGAPT100963,2013-08-19,BART.2.30,BART.2.30.LIVE.<2MM,BART.2.30.LIVE.<2MM,live,<=2mm,1.0615,106.15,1061.5,20211220T233412Z,RELEASE-2022
9f326ab5-5e02-46c0-b418-451d4adcf88b,MEGAPT100963,2013-08-19,BART.3.60,BART.3.60.LIVE.<2MM,"",live,<=2mm,0.0065,0.65,6.5,20211220T233412Z,RELEASE-2022
55452673-93bb-4b49-bb04-06791aa5e995,MEGAPT100963,2013-08-19,BART.3.140,BART.3.140.LIVE.<2MM,"",live,<=2mm,0.0032,0.32,1.6,20211220T233412Z,RELEASE-2022
d1317e02-2c95-463f-95a1-fbaa982dbf70,MEGAPT100963,2013-08-19,BART.3.140,BART.3.140.DEAD.<2MM,BART.3.140.DEAD.<2MM,dead,<=2mm,0.0249,2.49,12.45,20211220T233412Z,RELEASE-2022
e9f0af46-617e-4eb2-aaed-5f46f8705e3f,MEGAPT100963,2013-08-19,BART.3.0,BART.3.0.LIVE.<2MM,BART.3.0.LIVE.<2MM,live,<=2mm,4.855,490.4,4904.04,20211220T233412Z,RELEASE-2022
2a8288b8-a28f-4521-9f9e-185681927dc5,MEGAPT100963,2013-08-19,BART.3.50,BART.3.50.DEAD.<2MM,BART.3.50.DEAD.<2MM,dead,<=2mm,0.0272,2.72,27.2,20211220T233412Z,RELEASE-2022
0b99e801-32e4-40a9-95dd-d0430c0eff68,MEGAPT100963,2013-08-19,BART.3.80,BART.3.80.DEAD.<2MM,"",dead,<=2mm,0.0125,1.16,11.57,20211220T233412Z,RELEASE-2022
5bc97246-4a7b-4b08-b869-04ecd2bc5c49,MEGAPT100963,2013-08-19,BART.3.100,BART.3.100.LIVE.<2MM,BART.3.100.LIVE.<2MM,live,<=2mm,0.184,20.44,102.22,20211220T233412Z,RELEASE-2022
c1c6cfcb-41a3-4831-bc5a-2fc6662d1dcd,MEGAPT100963,2013-08-19,BART.2.10,BART.2.10.LIVE.<2MM,BART.2.10.LIVE.<2MM,live,<=2mm,2.8316,283.16,2831.6,20211220T233412Z,RELEASE-2022
0ebc2cfe-a45b-454d-a780-cd1dadc5de39,MEGAPT100963,2013-08-19,BART.3.90,BART.3.90.LIVE.<2MM,BART.3.90.LIVE.<2MM,live,<=2mm,0.0738,6.71,67.09,20211220T233412Z,RELEASE-2022
4f03158a-7f71-477f-a2f6-2fd9c359f9e2,MEGAPT100963,2013-08-19,BART.1.40,BART.1.40.LIVE.<2MM,BART.1.40.LIVE.<2MM,live,<=2mm,0.1702,17.02,170.2,20211220T233412Z,RELEASE-2022
3dd63257-352d-4811-b3b9-1fe739b55280,MEGAPT100963,2013-08-19,BART.1.20,BART.1.20.DEAD.<2MM,BART.1.20.DEAD.<2MM,dead,<=2mm,0.1321,13.21,132.1,20211220T233412Z,RELEASE-2022
449cce82-43f5-4b66-bda7-f4c5dba943d1,MEGAPT100963,2013-08-19,BART.1.80,BART.1.80.DEAD.<2MM,BART.1.80.DEAD.<2MM,dead,<=2mm,0.1184,10.74,107.39,20211220T233412Z,RELEASE-2022
4a185ae3-59d5-4220-884c-c6afd3b3ee2b,MEGAPT100963,2013-08-19,BART.1.10,BART.1.10.LIVE.>2MM,BART.1.10.LIVE.>2MM,live,>2mm,4.4225,442.25,4422.5,20211220T233412Z,RELEASE-2022
83be1c8c-d827-447f-8c28-56c23e98d5b7,MEGAPT100963,2013-08-19,BART.2.40,BART.2.40.DEAD.<2MM,BART.2.40.DEAD.<2MM,dead,<=2mm,0.1004,8.37,83.67,20211220T233412Z,RELEASE-2022
bd4ae70c-821f-4a08-8dbe-a36ac4deee94,MEGAPT100963,2013-08-19,BART.2.20,BART.2.20.DEAD.<2MM,BART.2.20.DEAD.<2MM,dead,<=2mm,0.1992,44.27,442.67,20211220T233412Z,RELEASE-2022
1aff3a01-f1e3-4e08-aa61-13260a408f96,MEGAPT100963,2013-08-19,BART.1.90,BART.1.90.DEAD.<2MM,"",dead,<=2mm,0.0115,1.15,11.5,20211220T233412Z,RELEASE-2022
f5349cd8-b920-471c-a899-e2b84d0df8cf,MEGAPT100963,2013-08-19,BART.1.50,BART.1.50.LIVE.<2MM,BART.1.50.LIVE.<2MM,live,<=2mm,0.0579,5.79,57.9,20211220T233412Z,RELEASE-2022
d8c94ec8-5725-4641-bf9b-b481bafd151d,MEGAPT100963,2013-08-19,BART.1.60,BART.1.60.LIVE.>2MM,BART.1.60.LIVE.>2MM,live,>2mm,0.1313,9.95,99.47,20211220T233412Z,RELEASE-2022
9395fda3-4011-40ed-8034-a46f99d3d03d,MEGAPT100963,2013-08-19,BART.1.60,BART.1.60.LIVE.<2MM,BART.1.60.LIVE.<2MM,live,<=2mm,0.1131,8.57,85.68,20211220T233412Z,RELEASE-2022
bcca7eee-066e-4546-98b5-162990996fe9,MEGAPT100963,2013-08-19,BART.1.40,BART.1.40.DEAD.<2MM,BART.1.40.DEAD.<2MM,dead,<=2mm,0.2275,22.75,227.5,20211220T233412Z,RELEASE-2022
297cea14-56eb-45dd-949c-d6a606eeb839,MEGAPT100963,2013-08-19,BART.1.70,BART.1.70.DEAD.>2MM,BART.1.70.DEAD.>2MM,dead,>2mm,0.0613,6.13,61.3,20211220T233412Z,RELEASE-2022
b101128e-a3ff-4aeb-b22f-a501de8ef0d8,MEGAPT100963,2013-08-19,BART.1.100,BART.1.100.LIVE.<2MM,"",live,<=2mm,0.0087,0.79,3.95,20211220T233412Z,RELEASE-2022
5e8e005e-aec0-4e2b-936a-975deee92f5c,MEGAPT100963,2013-08-19,BART.2.70,BART.2.70.DEAD.<2MM,BART.2.70.DEAD.<2MM,dead,<=2mm,0.0765,7.65,76.5,20211220T233412Z,RELEASE-2022
4eb8606b-45c8-47be-89a9-f9ff5eb73743,MEGAPT100963,2013-08-19,BART.1.0,BART.1.0.LIVE.<2MM,BART.1.0.LIVE.<2MM,live,<=2mm,12.7234,1272.34,12723.4,20211220T233412Z,RELEASE-2022
c2897102-3495-489a-96b8-f6edcd29688c,MEGAPT100963,2013-08-19,BART.1.10,BART.1.10.DEAD.>2MM,BART.1.10.DEAD.>2MM,dead,>2mm,0.6145,61.45,614.5,20211220T233412Z,RELEASE-2022
ab603fb2-31a6-42e2-985c-f0742791579b,MEGAPT100963,2013-08-19,BART.2.30,BART.2.30.DEAD.>2MM,BART.2.30.DEAD.>2MM,dead,>2mm,0.0723,7.23,72.3,20211220T233412Z,RELEASE-2022
12620eed-51c4-46b9-b9ae-3576727ed6a0,MEGAPT100963,2013-08-19,BART.1.120,BART.1.120.LIVE.<2MM,"",live,<=2mm,0.0119,1.08,5.41,20211220T233412Z,RELEASE-2022
2f72c071-7942-4d7f-8fa4-0faba4c5e6e4,MEGAPT100963,2013-08-19,BART.1.30,BART.1.30.LIVE.<2MM,BART.1.30.LIVE.<2MM,live,<=2mm,0.1672,18.58,185.78,20211220T233412Z,RELEASE-2022
2213c9ea-ce23-4428-bb78-418530e5d425,MEGAPT100963,2013-08-19,BART.1.60,BART.1.60.DEAD.<2MM,BART.1.60.DEAD.<2MM,dead,<=2mm,0.0758,5.74,57.42,20211220T233412Z,RELEASE-2022
442c81d7-943f-4b75-87f7-206ddbbc99dd,MEGAPT100963,2013-08-19,BART.1.70,BART.1.70.DEAD.<2MM,BART.1.70.DEAD.<2MM,dead,<=2mm,0.2719,27.19,271.9,20211220T233412Z,RELEASE-2022
6e8e6f42-dec9-4469-aff1-aea10641b28a,MEGAPT100963,2013-08-19,BART.1.50,BART.1.50.DEAD.<2MM,BART.1.50.DEAD.<2MM,dead,<=2mm,0.0375,3.75,37.5,20211220T233412Z,RELEASE-2022
208b4f69-c23a-498b-b711-3dc0225c13d2,MEGAPT100963,2013-08-19,BART.1.0,BART.1.0.LIVE.>2MM,BART.1.0.LIVE.>2MM,live,>2mm,4.0838,408.38,4083.8,20211220T233412Z,RELEASE-2022
5449fc74-a15b-49b5-b257-c296b435577f,MEGAPT100963,2013-08-19,BART.1.80,BART.1.80.LIVE.<2MM,BART.1.80.LIVE.<2MM,live,<=2mm,0.1659,15.05,150.48,20211220T233412Z,RELEASE-2022
87596cdd-22f5-454d-bbd7-c939a4080e25,MEGAPT100963,2013-08-19,BART.1.120,BART.1.120.DEAD.<2MM,"",dead,<=2mm,0.0031,0.28,1.41,20211220T233412Z,RELEASE-2022
34b8d468-07d6-4237-84c9-780a65cf7449,MEGAPT100963,2013-08-19,BART.2.20,BART.2.20.DEAD.>2MM,BART.2.20.DEAD.>2MM,dead,>2mm,0.1119,24.87,248.67,20211220T233412Z,RELEASE-2022
6693caf7-7a7c-483e-a3c7-cdc77c346d2c,MEGAPT100963,2013-08-19,BART.2.10,BART.2.10.LIVE.>2MM,BART.2.10.LIVE.>2MM,live,>2mm,3.6291,362.91,3629.1,20211220T233412Z,RELEASE-2022
c9296e5b-7abc-4080-ac8a-b92862d480f5,MEGAPT100963,2013-08-19,BART.1.90,BART.1.90.LIVE.<2MM,"",live,<=2mm,0.005,0.5,5,20211220T233412Z,RELEASE-2022
0a295f21-757b-40d4-995a-6c8c237bd4de,MEGAPT100963,2013-08-19,BART.2.20,BART.2.20.LIVE.>2MM,BART.2.20.LIVE.>2MM,live,>2mm,3.2772,728.27,7282.67,20211220T233412Z,RELEASE-2022
d92330c0-028a-4fb7-9885-0d3c50f5b614,MEGAPT100963,2013-08-19,BART.1.20,BART.1.20.LIVE.<2MM,BART.1.20.LIVE.<2MM,live,<=2mm,1.1843,118.43,1184.3,20211220T233412Z,RELEASE-2022
6083bea4-b7f3-4e2e-9e24-d13d6cf2d878,MEGAPT100963,2013-08-19,BART.1.0,BART.1.0.DEAD.<2MM,BART.1.0.DEAD.<2MM,dead,<=2mm,0.0992,9.92,99.2,20211220T233412Z,RELEASE-2022
5914cbc7-79d4-4e96-b8a2-dcfc3bea88e0,MEGAPT100963,2013-08-19,BART.2.100,BART.2.100.DEAD.<2MM,"",dead,<=2mm,0.0082,0.82,4.1,20211220T233412Z,RELEASE-2022
5122b24d-63e4-4e1c-bb4d-889b65953d84,MEGAPT100963,2013-08-19,BART.2.90,BART.2.90.DEAD.<2MM,BART.2.90.DEAD.<2MM,dead,<=2mm,0.2377,22.01,220.09,20211220T233412Z,RELEASE-2022
5333feb1-1a09-4bd6-a16b-559cdeeb559a,MEGAPT100963,2013-08-19,BART.2.120,BART.2.120.DEAD.<2MM,"",dead,<=2mm,0.0021,0.19,0.95,20211220T233412Z,RELEASE-2022
83145898-1cdb-4ee6-9926-e3e2bd80d59d,MEGAPT100963,2013-08-19,BART.1.140,BART.1.140.LIVE.<2MM,"",live,<=2mm,1e-04,0.01,0.05,20211220T233412Z,RELEASE-2022
50458831-0633-4e29-9513-c7bc566a3e24,MEGAPT100963,2013-08-19,BART.1.10,BART.1.10.LIVE.<2MM,BART.1.10.LIVE.<2MM,live,<=2mm,2.187,218.7,2187,20211220T233412Z,RELEASE-2022
0290f70b-b3fb-40a5-9aa5-01d54af04f3e,MEGAPT100963,2013-08-19,BART.2.0,BART.2.0.LIVE.<2MM,BART.2.0.LIVE.<2MM,live,<=2mm,3.4264,342.64,3426.4,20211220T233412Z,RELEASE-2022
87f12647-e3b0-403c-97c0-ab1d45f2d2a4,MEGAPT100963,2013-08-19,BART.2.30,BART.2.30.DEAD.<2MM,BART.2.30.DEAD.<2MM,dead,<=2mm,0.2939,29.39,293.9,20211220T233412Z,RELEASE-2022
8dcacb69-746b-420c-957d-d1801da104ef,MEGAPT100963,2013-08-19,BART.2.0,BART.2.0.DEAD.>2MM,BART.2.0.DEAD.>2MM,dead,>2mm,0.6229,62.29,622.9,20211220T233412Z,RELEASE-2022
bea78ffe-45f5-48b2-97f7-b6db9f09a1a2,MEGAPT100963,2013-08-19,BART.2.10,BART.2.10.DEAD.<2MM,BART.2.10.DEAD.<2MM,dead,<=2mm,0.4948,49.48,494.8,20211220T233412Z,RELEASE-2022
82d6d0b9-6fdb-49df-8025-bf2840bff9c5,MEGAPT100963,2013-08-19,BART.2.80,BART.2.80.DEAD.<2MM,"",dead,<=2mm,0.0102,1.08,10.85,20211220T233412Z,RELEASE-2022
690edba6-fc38-4037-aa0e-7a93d95f5598,MEGAPT100963,2013-08-19,BART.2.10,BART.2.10.DEAD.>2MM,BART.2.10.DEAD.>2MM,dead,>2mm,0.2924,29.24,292.4,20211220T233412Z,RELEASE-2022
9fe3a07f-cf68-4d68-8c7f-3a21326711b7,MEGAPT100963,2013-08-19,BART.1.100,BART.1.100.DEAD.<2MM,BART.1.100.DEAD.<2MM,dead,<=2mm,0.032,2.91,14.55,20211220T233412Z,RELEASE-2022
109689b5-7c6f-4592-83d2-12ad50f57503,MEGAPT100963,2013-08-19,BART.2.60,BART.2.60.DEAD.<2MM,BART.2.60.DEAD.<2MM,dead,<=2mm,0.1738,12.41,124.14,20211220T233412Z,RELEASE-2022
01ef8d35-3ccf-41b3-9e9b-387497e226a2,MEGAPT100963,2013-08-19,BART.1.10,BART.1.10.DEAD.<2MM,BART.1.10.DEAD.<2MM,dead,<=2mm,0.3463,34.63,346.3,20211220T233412Z,RELEASE-2022
2551d20a-429b-4781-b6a0-99b3574c0e1b,MEGAPT100963,2013-08-19,BART.2.0,BART.2.0.LIVE.>2MM,BART.2.0.LIVE.>2MM,live,>2mm,5.1916,519.16,5191.6,20211220T233412Z,RELEASE-2022
c348c8c4-fc99-4cd6-aeec-99f0201d2cf2,MEGAPT100963,2013-08-19,BART.2.50,BART.2.50.DEAD.<2MM,BART.2.50.DEAD.<2MM,dead,<=2mm,0.1176,7.64,76.36,20211220T233412Z,RELEASE-2022
37772e76-6b68-44b1-852e-fc2b9dd3d0bc,MEGAPT100963,2013-08-19,BART.1.70,BART.1.70.LIVE.<2MM,BART.1.70.LIVE.<2MM,live,<=2mm,0.4853,48.53,485.3,20211220T233412Z,RELEASE-2022
d7bca706-e224-4b58-bdfa-6ddf2f5f83f9,MEGAPT100963,2013-08-19,BART.2.0,BART.2.0.DEAD.<2MM,BART.2.0.DEAD.<2MM,dead,<=2mm,0.5377,53.77,537.7,20211220T233412Z,RELEASE-2022
d7c60b50-e2b7-4484-a958-5e0a792c5c21,MEGAPT100963,2013-08-19,BART.1.30,BART.1.30.DEAD.<2MM,BART.1.30.DEAD.<2MM,dead,<=2mm,0.1393,15.48,154.78,20211220T233412Z,RELEASE-2022
5313d2bf-af38-48ea-9179-bd503a945641,MEGAPT100973,2012-07-17,HARV.2.60,HARV.2.60.LIVE.>2MM,HARV.2.60.LIVE.>2MM,live,>2mm,0.0224,4.42,44.21,20211221T000133Z,RELEASE-2022
77131d92-329f-459a-872c-817366794b44,MEGAPT100973,2012-07-17,HARV.1.10,HARV.1.10.LIVE.<2MM,HARV.1.10.LIVE.<2MM,live,<=2mm,0.829,409.01,4090.13,20211221T000133Z,RELEASE-2022
a992cea5-95b0-415d-83a8-993e0abce62a,MEGAPT100973,2012-07-17,HARV.1.10,HARV.1.10.LIVE.>2MM,HARV.1.10.LIVE.>2MM,live,>2mm,0.0814,40.16,401.61,20211221T000133Z,RELEASE-2022
5f03befd-67e2-45dc-969e-d675af53ee66,MEGAPT100973,2012-07-17,HARV.3.30,HARV.3.30.LIVE.<2MM,HARV.3.30.LIVE.<2MM,live,<=2mm,0.6451,106.09,1060.93,20211221T000133Z,RELEASE-2022
4e7f1225-b04f-4c08-9ea9-0c4d9f511be5,MEGAPT100973,2012-07-17,HARV.2.0,HARV.2.0.LIVE.<2MM,HARV.2.0.LIVE.<2MM,live,<=2mm,2.6064,443.43,4434.31,20211221T000133Z,RELEASE-2022
f2173ed7-daba-49ae-8a7d-25d73a6ae505,MEGAPT100973,2012-07-17,HARV.2.40,HARV.2.40.LIVE.>2MM,HARV.2.40.LIVE.>2MM,live,>2mm,0.0948,22.27,222.73,20211221T000133Z,RELEASE-2022
9f044033-ae7b-4479-b040-816c17a63b50,MEGAPT100973,2012-07-17,HARV.2.40,HARV.2.40.LIVE.<2MM,HARV.2.40.LIVE.<2MM,live,<=2mm,3.0801,723.65,7236.49,20211221T000133Z,RELEASE-2022
44ba2aa1-4190-40ab-9cd8-e6bcc9718b25,MEGAPT100973,2012-07-17,HARV.1.0,HARV.1.0.LIVE.>2MM,HARV.1.0.LIVE.>2MM,live,>2mm,0.5061,86.1,861.04,20211221T000133Z,RELEASE-2022
c15bc6f8-8e7b-4b24-a03f-33ab08bcce21,MEGAPT100973,2012-07-17,HARV.1.0,HARV.1.0.LIVE.<2MM,HARV.1.0.LIVE.<2MM,live,<=2mm,4.2057,715.52,7155.22,20211221T000133Z,RELEASE-2022
7eabcf38-ea32-41ed-9d79-e0d317639213,MEGAPT100973,2012-07-17,HARV.1.120,HARV.1.120.LIVE.<2MM,HARV.1.120.LIVE.<2MM,live,<=2mm,0.2371,55.71,557.05,20211221T000133Z,RELEASE-2022
bf14988d-063c-40dd-a364-8768c124450b,MEGAPT100973,2012-07-17,HARV.3.10,HARV.3.10.LIVE.>2MM,HARV.3.10.LIVE.>2MM,live,>2mm,0.177,34.93,349.31,20211221T000133Z,RELEASE-2022
325ce9d3-b04a-410f-a592-0d491f82e8b6,MEGAPT100973,2012-07-17,HARV.2.20,HARV.2.20.LIVE.>2MM,HARV.2.20.LIVE.>2MM,live,>2mm,0.2484,45.39,453.91,20211221T000133Z,RELEASE-2022
4214bf36-8840-49c7-9883-f5d518eea2e2,MEGAPT100973,2012-07-17,HARV.2.30,HARV.2.30.LIVE.<2MM,HARV.2.30.LIVE.<2MM,live,<=2mm,0.5317,93.69,936.9,20211221T000133Z,RELEASE-2022
d5ee5985-35a8-4d9a-bf91-89b66a43d90c,MEGAPT100973,2012-07-17,HARV.2.60,HARV.2.60.LIVE.<2MM,HARV.2.60.LIVE.<2MM,live,<=2mm,0.3135,61.87,618.7,20211221T000133Z,RELEASE-2022
1d2cc74f-ebfe-419e-b7ef-377621933890,MEGAPT100973,2012-07-17,HARV.2.50,HARV.2.50.LIVE.<2MM,HARV.2.50.LIVE.<2MM,live,<=2mm,0.1191,29.38,293.81,20211221T000133Z,RELEASE-2022
b143d844-7389-4eb9-bd30-e9ba4793b010,MEGAPT100973,2012-07-17,HARV.2.0,HARV.2.0.LIVE.>2MM,HARV.2.0.LIVE.>2MM,live,>2mm,0.0908,15.45,154.48,20211221T000133Z,RELEASE-2022
a6b4007f-2784-4358-8bce-7f261f46732a,MEGAPT100973,2012-07-17,HARV.2.70,HARV.2.70.LIVE.<2MM,HARV.2.70.LIVE.<2MM,live,<=2mm,0.0791,18.58,185.84,20211221T000133Z,RELEASE-2022
643d006a-e868-40d6-a2d0-61d29e4399ea,MEGAPT100973,2012-07-17,HARV.2.30,HARV.2.30.LIVE.>2MM,HARV.2.30.LIVE.>2MM,live,>2mm,1.7533,308.95,3089.45,20211221T000133Z,RELEASE-2022
3fdaf62c-a702-4dcb-846e-13caf069e3a2,MEGAPT100973,2012-07-17,HARV.3.10,HARV.3.10.LIVE.<2MM,HARV.3.10.LIVE.<2MM,live,<=2mm,1.2337,243.47,2434.74,20211221T000133Z,RELEASE-2022
8ebbae52-bad2-46ef-be42-3cd15a9ea142,MEGAPT100973,2012-07-17,HARV.1.80,HARV.1.80.LIVE.<2MM,"",live,<=2mm,0.0135,2.3,22.97,20211221T000133Z,RELEASE-2022
be756e95-f6f8-42c9-a107-af9f1d4220ef,MEGAPT100973,2012-07-17,HARV.1.70,HARV.1.70.LIVE.<2MM,HARV.1.70.LIVE.<2MM,live,<=2mm,0.0393,11.41,114.06,20211221T000133Z,RELEASE-2022
635e7efe-5674-4459-a371-b23344c8036e,MEGAPT100973,2012-07-17,HARV.1.30,HARV.1.30.LIVE.<2MM,HARV.1.30.LIVE.<2MM,live,<=2mm,0.6412,131.82,1318.15,20211221T000133Z,RELEASE-2022
ccbd79f3-27d2-4941-8452-eaf36cdd36eb,MEGAPT100973,2012-07-17,HARV.1.60,HARV.1.60.LIVE.<2MM,HARV.1.60.LIVE.<2MM,live,<=2mm,0.2358,55.4,554,20211221T000133Z,RELEASE-2022
2224ac93-f088-42d6-ac6f-06b954d66913,MEGAPT100973,2012-07-17,HARV.1.50,HARV.1.50.LIVE.<2MM,HARV.1.50.LIVE.<2MM,live,<=2mm,0.1958,87.82,878.22,20211221T000133Z,RELEASE-2022
dddb498c-4b34-4fb4-ab18-11f56e2496cd,MEGAPT100973,2012-07-17,HARV.1.30,HARV.1.30.LIVE.>2MM,HARV.1.30.LIVE.>2MM,live,>2mm,0.1353,27.81,278.14,20211221T000133Z,RELEASE-2022
c31ea805-5e44-461e-94ae-420aa17b2f60,MEGAPT100973,2012-07-17,HARV.3.0,HARV.3.0.LIVE.<2MM,HARV.3.0.LIVE.<2MM,live,<=2mm,3.8507,730.72,7307.17,20211221T000133Z,RELEASE-2022
f32af05a-ecc4-46f9-8a81-1f25c0894775,MEGAPT100973,2012-07-17,HARV.3.40,HARV.3.40.LIVE.<2MM,HARV.3.40.LIVE.<2MM,live,<=2mm,0.2764,50.51,505.08,20211221T000133Z,RELEASE-2022
8ae5a908-02c5-4ad5-b200-532986da4317,MEGAPT100973,2012-07-17,HARV.3.20,HARV.3.20.LIVE.<2MM,HARV.3.20.LIVE.<2MM,live,<=2mm,0.4028,110.41,1104.08,20211221T000133Z,RELEASE-2022
a140a8b9-f391-447e-b3d5-b9af0ababbf0,MEGAPT100973,2012-07-17,HARV.1.40,HARV.1.40.LIVE.<2MM,HARV.1.40.LIVE.<2MM,live,<=2mm,0.2419,85.25,852.49,20211221T000133Z,RELEASE-2022
51b15896-6c08-415e-a592-4646066afa9d,MEGAPT100973,2012-07-17,HARV.2.10,HARV.2.10.LIVE.<2MM,HARV.2.10.LIVE.<2MM,live,<=2mm,2.088,343.39,3433.93,20211221T000133Z,RELEASE-2022
da0099b4-e85c-4647-8c6a-81e05c21dfa9,MEGAPT100973,2012-07-17,HARV.2.10,HARV.2.10.LIVE.>2MM,HARV.2.10.LIVE.>2MM,live,>2mm,0.1492,24.54,245.38,20211221T000133Z,RELEASE-2022
66d95765-d95a-46c3-a91f-fedc36f7b933,MEGAPT100973,2012-07-17,HARV.1.110,HARV.1.110.LIVE.<2MM,HARV.1.110.LIVE.<2MM,live,<=2mm,0.1138,18.72,187.16,20211221T000133Z,RELEASE-2022
0a583ffe-2e2a-4424-b001-063db3c0b5c1,MEGAPT100973,2012-07-17,HARV.2.20,HARV.2.20.LIVE.<2MM,HARV.2.20.LIVE.<2MM,live,<=2mm,1.059,193.52,1935.15,20211221T000133Z,RELEASE-2022
a3c6b536-0304-47df-8c29-bec586bfbbb6,MEGAPT100973,2012-07-17,HARV.1.20,HARV.1.20.LIVE.<2MM,HARV.1.20.LIVE.<2MM,live,<=2mm,0.1733,171.01,1710.06,20211221T000133Z,RELEASE-2022
20dcf011-a9b7-49a5-aeae-44b8d293bd7c,MEGAPT100973,2012-07-17,HARV.3.20,HARV.3.20.LIVE.>2MM,HARV.3.20.LIVE.>2MM,live,>2mm,0.1297,35.55,355.51,20211221T000133Z,RELEASE-2022
89540f69-9e86-4477-87a0-33dbd9011738,MEGAPT100973,2012-07-17,HARV.3.0,HARV.3.0.LIVE.>2MM,HARV.3.0.LIVE.>2MM,live,>2mm,0.1572,29.83,298.31,20211221T000133Z,RELEASE-2022
b33e7a63-4e24-480a-96b8-a7a3e24c72f7,MEGAPT100992,2014-05-05,SERC.3.70,SERC.3.70.LIVE.<4MM,SERC.3.70.LIVE.<4MM,live,<=4mm,0.3081,25.68,256.75,20220110T210857Z,RELEASE-2022
c4869b62-cfc9-49b6-98d2-36d48400b414,MEGAPT100992,2014-05-05,SERC.3.20,SERC.3.20.LIVE.>4MM,SERC.3.20.LIVE.>4MM,live,>4mm,1.0691,80.99,809.92,20220110T210857Z,RELEASE-2022
787ddc92-1a3c-48b9-a2ca-bd8f6f7f56ae,MEGAPT100992,2014-05-05,SERC.3.90,SERC.3.90.LIVE.<4MM,SERC.3.90.LIVE.<4MM,live,<=4mm,0.1133,11.33,113.3,20220110T210857Z,RELEASE-2022
a9617aff-7e2a-40f6-be2d-2d07ba0e06ce,MEGAPT100992,2014-05-05,SERC.3.0,SERC.3.0.LIVE.<4MM,SERC.3.0.LIVE.<4MM,live,<=4mm,1.7377,173.77,1737.7,20220110T210857Z,RELEASE-2022
a94df12b-3a79-4396-818a-4c1b69b9487a,MEGAPT100992,2014-05-05,SERC.3.10,SERC.3.10.LIVE.>4MM,SERC.3.10.LIVE.>4MM,live,>4mm,2.4914,249.14,2491.4,20220110T210857Z,RELEASE-2022
19dd556f-1981-4a50-a401-3d57134f944c,MEGAPT100992,2014-05-05,SERC.3.0,SERC.3.0.DEAD.<4MM,SERC.3.0.DEAD.<4MM,dead,<=4mm,1.071,107.1,1071,20220110T210857Z,RELEASE-2022
fd15ab35-6ca5-4afa-92d7-84d6bc632e43,MEGAPT100992,2014-05-05,SERC.2.40,SERC.2.40.LIVE.<4MM,SERC.2.40.LIVE.<4MM,live,<=4mm,0.2655,26.55,265.5,20220110T210857Z,RELEASE-2022
738b2e66-0913-4bf6-b9fe-f314ee59a6ca,MEGAPT100992,2014-05-05,SERC.2.90,SERC.2.90.LIVE.<4MM,SERC.2.90.LIVE.<4MM,live,<=4mm,0.3134,31.34,313.4,20220110T210857Z,RELEASE-2022
28967b0b-edb1-4ea7-8d35-1cffd2b6b803,MEGAPT100992,2014-05-05,SERC.3.30,SERC.3.30.DEAD.<4MM,SERC.3.30.DEAD.<4MM,dead,<=4mm,0.1252,12.52,125.2,20220110T210857Z,RELEASE-2022
d416f389-52cc-4aea-9700-67d553dc5f4f,MEGAPT100992,2014-05-05,SERC.3.160,SERC.3.160.DEAD.<4MM,"",dead,<=4mm,0.008,1.6,8,20220110T210857Z,RELEASE-2022
c6ee6c41-95f1-4210-8630-c0dc3951756c,MEGAPT100992,2014-05-05,SERC.2.30,SERC.2.30.LIVE.<4MM,SERC.2.30.LIVE.<4MM,live,<=4mm,0.466,46.6,466,20220110T210857Z,RELEASE-2022
e68f85d8-4ef3-49ef-b518-31fda970e567,MEGAPT100992,2014-05-05,SERC.3.60,SERC.3.60.DEAD.<4MM,SERC.3.60.DEAD.<4MM,dead,<=4mm,0.1099,10.99,109.9,20220110T210857Z,RELEASE-2022
d2753ae6-ea4d-4c4d-a475-33614f9ea9d9,MEGAPT100992,2014-05-05,SERC.3.120,SERC.3.120.DEAD.<4MM,SERC.3.120.DEAD.<4MM,dead,<=4mm,0.0302,3.02,15.1,20220110T210857Z,RELEASE-2022
87820d28-e7d0-46b6-b156-196488cdb593,MEGAPT100992,2014-05-05,SERC.3.80,SERC.3.80.LIVE.<4MM,SERC.3.80.LIVE.<4MM,live,<=4mm,0.2672,26.72,267.2,20220110T210857Z,RELEASE-2022
48724f5a-bd92-4a97-9cf5-d9f22498e5f3,MEGAPT100992,2014-05-05,SERC.3.10,SERC.3.10.DEAD.<4MM,SERC.3.10.DEAD.<4MM,dead,<=4mm,0.0692,6.92,69.2,20220110T210857Z,RELEASE-2022
ea14c0d6-70b0-4a99-9f51-05e7ef31118f,MEGAPT100992,2014-05-05,SERC.3.50,SERC.3.50.DEAD.<4MM,SERC.3.50.DEAD.<4MM,dead,<=4mm,0.0297,2.97,29.7,20220110T210857Z,RELEASE-2022
a2ffe31e-9ddb-4eef-8262-290e673de41f,MEGAPT100992,2014-05-05,SERC.2.80,SERC.2.80.LIVE.<4MM,"",live,<=4mm,0.0169,1.69,16.9,20220110T210857Z,RELEASE-2022
0b81a84e-5691-4f45-9beb-c183c8c76dcd,MEGAPT100992,2014-05-05,SERC.3.120,SERC.3.120.LIVE.<4MM,SERC.3.120.LIVE.<4MM,live,<=4mm,0.1459,14.59,72.95,20220110T210857Z,RELEASE-2022
b9e819a9-6cd2-4f29-a86d-e9394e301ddc,MEGAPT100992,2014-05-05,SERC.3.100,SERC.3.100.LIVE.<4MM,SERC.3.100.LIVE.<4MM,live,<=4mm,0.2149,21.49,107.45,20220110T210857Z,RELEASE-2022
2f735a79-a92a-4212-a53a-1ad394592021,MEGAPT100992,2014-05-05,SERC.2.20,SERC.2.20.LIVE.<4MM,SERC.2.20.LIVE.<4MM,live,<=4mm,0.2279,20.72,207.18,20220110T210857Z,RELEASE-2022
011c0805-9cf2-451d-b96c-41ef40ecd886,MEGAPT100992,2014-05-05,SERC.2.60,SERC.2.60.LIVE.<4MM,SERC.2.60.LIVE.<4MM,live,<=4mm,0.0595,5.95,59.5,20220110T210857Z,RELEASE-2022
de3cc4d9-9f07-4e34-95eb-a919e6fae01e,MEGAPT100992,2014-05-05,SERC.3.30,SERC.3.30.LIVE.<4MM,SERC.3.30.LIVE.<4MM,live,<=4mm,0.1437,14.37,143.7,20220110T210857Z,RELEASE-2022
087fd2f2-590b-4039-a6cc-00f1274e90bb,MEGAPT100992,2014-05-05,SERC.2.70,SERC.2.70.LIVE.<4MM,SERC.2.70.LIVE.<4MM,live,<=4mm,0.0387,3.87,38.7,20220110T210857Z,RELEASE-2022
90415ac1-32d7-4929-8a1f-62a9dd8b52c0,MEGAPT100992,2014-05-05,SERC.3.140,SERC.3.140.LIVE.<4MM,SERC.3.140.LIVE.<4MM,live,<=4mm,0.0223,2.23,11.15,20220110T210857Z,RELEASE-2022
3832bcfc-b366-4101-bc7f-295ca7007726,MEGAPT100992,2014-05-05,SERC.3.20,SERC.3.20.DEAD.<4MM,SERC.3.20.DEAD.<4MM,dead,<=4mm,0.0713,5.4,54.02,20220110T210857Z,RELEASE-2022
172b70de-f4e9-4cb8-8383-726218dcd574,MEGAPT100992,2014-05-05,SERC.3.160,SERC.3.160.LIVE.<4MM,SERC.3.160.LIVE.<4MM,live,<=4mm,0.0612,12.24,61.2,20220110T210857Z,RELEASE-2022
9001c851-ace4-4850-89e9-97e1100a2a92,MEGAPT100992,2014-05-05,SERC.3.30,SERC.3.30.LIVE.>4MM,SERC.3.30.LIVE.>4MM,live,>4mm,0.5858,58.58,585.8,20220110T210857Z,RELEASE-2022
afebe310-0aca-48a0-ab5b-ec1671f6d471,MEGAPT100992,2014-05-05,SERC.2.50,SERC.2.50.LIVE.<4MM,SERC.2.50.LIVE.<4MM,live,<=4mm,0.0767,7.67,76.7,20220110T210857Z,RELEASE-2022
b240dab8-f2a6-4721-8670-1fcf5048def3,MEGAPT100992,2014-05-05,SERC.3.0,SERC.3.0.LIVE.>4MM,SERC.3.0.LIVE.>4MM,live,>4mm,0.1077,10.77,107.7,20220110T210857Z,RELEASE-2022
034f8706-0fb1-4550-82e0-29475bcccff7,MEGAPT100992,2014-05-05,SERC.3.10,SERC.3.10.LIVE.<4MM,SERC.3.10.LIVE.<4MM,live,<=4mm,1.4836,148.36,1483.6,20220110T210857Z,RELEASE-2022
ded2b335-13db-4847-965e-c525963c3b22,MEGAPT100992,2014-05-05,SERC.3.60,SERC.3.60.LIVE.<4MM,SERC.3.60.LIVE.<4MM,live,<=4mm,0.1466,14.66,146.6,20220110T210857Z,RELEASE-2022
cfcf204c-169e-4b6d-9b88-1c5a5bf6e956,MEGAPT100992,2014-05-05,SERC.2.140,SERC.2.140.LIVE.<4MM,SERC.2.140.LIVE.<4MM,live,<=4mm,0.1749,17.49,87.45,20220110T210857Z,RELEASE-2022
5771ab44-b60f-41c2-9d8c-46e3177cc561,MEGAPT100992,2014-05-05,SERC.3.50,SERC.3.50.LIVE.<4MM,SERC.3.50.LIVE.<4MM,live,<=4mm,0.0507,5.07,50.7,20220110T210857Z,RELEASE-2022
e1f63111-92fa-403e-b35d-25b6abef331f,MEGAPT100992,2014-05-05,SERC.3.40,SERC.3.40.LIVE.<4MM,SERC.3.40.LIVE.<4MM,live,<=4mm,0.0584,5.84,58.4,20220110T210857Z,RELEASE-2022
0893392f-77ac-418e-a959-d898cb8a41a7,MEGAPT100992,2014-05-05,SERC.3.20,SERC.3.20.DEAD.>4MM,SERC.3.20.DEAD.>4MM,dead,>4mm,0.5693,43.13,431.29,20220110T210857Z,RELEASE-2022
2999884d-8524-4dec-a39d-5461a06f0f09,MEGAPT100992,2014-05-05,SERC.3.40,SERC.3.40.DEAD.<4MM,SERC.3.40.DEAD.<4MM,dead,<=4mm,0.0615,6.15,61.5,20220110T210857Z,RELEASE-2022
03f0582e-f21f-4495-96e3-1e50c682f4e6,MEGAPT100992,2014-05-05,SERC.2.160,SERC.2.160.LIVE.<4MM,SERC.2.160.LIVE.<4MM,live,<=4mm,0.1013,20.26,101.3,20220110T210857Z,RELEASE-2022
6d20e899-f9a2-4954-a113-8ad3e630cb44,MEGAPT100992,2014-05-05,SERC.3.140,SERC.3.140.DEAD.<4MM,"",dead,<=4mm,0.0073,0.73,3.65,20220110T210857Z,RELEASE-2022
15061f19-5630-4d5e-b266-a40b5cc2846a,MEGAPT100992,2014-05-05,SERC.2.30,SERC.2.30.LIVE.>4MM,SERC.2.30.LIVE.>4MM,live,>4mm,1.5308,153.08,1530.8,20220110T210857Z,RELEASE-2022
d1e9d115-edc0-42cd-8c0a-f2484af5bdf2,MEGAPT100992,2014-05-05,SERC.2.100,SERC.2.100.LIVE.<4MM,SERC.2.100.LIVE.<4MM,live,<=4mm,0.1413,14.13,70.65,20220110T210857Z,RELEASE-2022
4da78c25-d8b3-4966-8ca2-0ef5381f8e57,MEGAPT100992,2014-05-05,SERC.2.0,SERC.2.0.DEAD.<4MM,SERC.2.0.DEAD.<4MM,dead,<=4mm,0.119,11.9,119,20220110T210857Z,RELEASE-2022
b7f5eaea-7f48-40f1-b6f0-66de2e258bc5,MEGAPT100992,2014-05-05,SERC.1.80,SERC.1.80.DEAD.<4MM,SERC.1.80.DEAD.<4MM,dead,<=4mm,0.0606,6.06,60.6,20220110T210857Z,RELEASE-2022
59c58d14-908b-4a5b-a3c8-cf1c6cfd2a57,MEGAPT100992,2014-05-05,SERC.1.30,SERC.1.30.LIVE.>4MM,SERC.1.30.LIVE.>4MM,live,>4mm,1.4029,140.29,1402.9,20220110T210857Z,RELEASE-2022
97989058-5807-4f9b-be7f-e215190c9742,MEGAPT100992,2014-05-05,SERC.1.50,SERC.1.50.DEAD.<4MM,"",dead,<=4mm,0.0124,1.24,12.4,20220110T210857Z,RELEASE-2022
56d189f2-e359-4986-8338-465623dc871e,MEGAPT100992,2014-05-05,SERC.1.120,SERC.1.120.DEAD.<4MM,SERC.1.120.DEAD.<4MM,dead,<=4mm,0.0239,2.39,11.95,20220110T210857Z,RELEASE-2022
54252df3-0e17-41c1-b2dc-df98b5c9fc3a,MEGAPT100992,2014-05-05,SERC.1.50,SERC.1.50.LIVE.<4MM,"",live,<=4mm,0.0132,1.32,13.2,20220110T210857Z,RELEASE-2022
17f2f774-5637-4427-b5d7-9ad249e2c6a2,MEGAPT100992,2014-05-05,SERC.1.140,SERC.1.140.DEAD.<4MM,"",dead,<=4mm,0.0045,0.45,2.25,20220110T210857Z,RELEASE-2022
230cf33a-133d-42c1-bbef-e600f53cc52d,MEGAPT100992,2014-05-05,SERC.1.90,SERC.1.90.DEAD.<4MM,SERC.1.90.DEAD.<4MM,dead,<=4mm,0.0219,2.19,21.9,20220110T210857Z,RELEASE-2022
f6d7c615-4390-4c6d-b6f5-75144d6dfc2c,MEGAPT100992,2014-05-05,SERC.1.70,SERC.1.70.LIVE.<4MM,SERC.1.70.LIVE.<4MM,live,<=4mm,0.029,2.9,29,20220110T210857Z,RELEASE-2022
af8e3939-9ee2-48cb-bbca-307abd5961aa,MEGAPT100992,2014-05-05,SERC.2.50,SERC.2.50.DEAD.<4MM,SERC.2.50.DEAD.<4MM,dead,<=4mm,0.0983,9.83,98.3,20220110T210857Z,RELEASE-2022
fdc62cde-a693-4a5c-a700-69a86c0b51c0,MEGAPT100992,2014-05-05,SERC.1.90,SERC.1.90.LIVE.<4MM,"",live,<=4mm,0.0131,1.31,13.1,20220110T210857Z,RELEASE-2022
89fa7d84-c91c-4312-888c-7dbc77a28c1b,MEGAPT100992,2014-05-05,SERC.1.120,SERC.1.120.LIVE.<4MM,SERC.1.120.LIVE.<4MM,live,<=4mm,0.0638,6.38,31.9,20220110T210857Z,RELEASE-2022
3a2938a9-71f4-4a64-981f-7b8216a1167a,MEGAPT100992,2014-05-05,SERC.1.20,SERC.1.20.LIVE.<4MM,SERC.1.20.LIVE.<4MM,live,<=4mm,0.3272,32.72,327.2,20220110T210857Z,RELEASE-2022
19749cf0-84c9-482f-b4d1-fa1720e7f4e6,MEGAPT100992,2014-05-05,SERC.1.10,SERC.1.10.LIVE.<4MM,SERC.1.10.LIVE.<4MM,live,<=4mm,1.636,163.6,1636,20220110T210857Z,RELEASE-2022
c2a99f74-b1ae-4504-9f87-2d91b8c0d30a,MEGAPT100992,2014-05-05,SERC.2.30,SERC.2.30.DEAD.<4MM,SERC.2.30.DEAD.<4MM,dead,<=4mm,0.1495,14.95,149.5,20220110T210857Z,RELEASE-2022
940e0373-90fe-4002-b150-bc58b650a062,MEGAPT100992,2014-05-05,SERC.2.140,SERC.2.140.DEAD.<4MM,"",dead,<=4mm,0.0069,0.69,3.45,20220110T210857Z,RELEASE-2022
6fb378f3-db00-48f5-9c50-149791e24585,MEGAPT100992,2014-05-05,SERC.1.10,SERC.1.10.LIVE.>4MM,SERC.1.10.LIVE.>4MM,live,>4mm,3.8365,383.65,3836.5,20220110T210857Z,RELEASE-2022
572185a6-5798-47c4-a35f-b37ec8f0ccde,MEGAPT100992,2014-05-05,SERC.2.0,SERC.2.0.LIVE.<4MM,SERC.2.0.LIVE.<4MM,live,<=4mm,2.387,238.7,2387,20220110T210857Z,RELEASE-2022
ab1e46ef-aac9-4c9e-8f34-c0df5efcfb65,MEGAPT100992,2014-05-05,SERC.1.100,SERC.1.100.LIVE.<4MM,"",live,<=4mm,0.0184,1.84,9.2,20220110T210857Z,RELEASE-2022
0feac953-095d-493e-bcc2-20ccc22c35a7,MEGAPT100992,2014-05-05,SERC.1.60,SERC.1.60.LIVE.>4MM,SERC.1.60.LIVE.>4MM,live,>4mm,2.0802,208.02,2080.2,20220110T210857Z,RELEASE-2022
d1130c9f-6d3c-43ce-a6e7-6682748b01da,MEGAPT100992,2014-05-05,SERC.1.40,SERC.1.40.LIVE.>4MM,SERC.1.40.LIVE.>4MM,live,>4mm,1.1664,116.64,1166.4,20220110T210857Z,RELEASE-2022
90f994eb-8e03-4416-9234-e8ae45ad0d5f,MEGAPT100992,2014-05-05,SERC.2.70,SERC.2.70.DEAD.>4MM,SERC.2.70.DEAD.>4MM,dead,>4mm,0.8686,86.86,868.6,20220110T210857Z,RELEASE-2022
94560518-c0b3-45d0-a3c3-cd4cfd54c864,MEGAPT100992,2014-05-05,SERC.2.120,SERC.2.120.LIVE.<4MM,SERC.2.120.LIVE.<4MM,live,<=4mm,0.0581,5.81,29.05,20220110T210857Z,RELEASE-2022
5d506b30-d542-4810-91d4-35546590fd49,MEGAPT100992,2014-05-05,SERC.2.80,SERC.2.80.DEAD.<4MM,SERC.2.80.DEAD.<4MM,dead,<=4mm,0.0428,4.28,42.8,20220110T210857Z,RELEASE-2022
fd058b34-617b-481a-b2e0-cb49374af7bf,MEGAPT100992,2014-05-05,SERC.2.60,SERC.2.60.DEAD.<4MM,"",dead,<=4mm,0.0116,1.16,11.6,20220110T210857Z,RELEASE-2022
d39274d4-82ca-4a1f-bd5e-fb8283bd596b,MEGAPT100992,2014-05-05,SERC.1.30,SERC.1.30.LIVE.<4MM,SERC.1.30.LIVE.<4MM,live,<=4mm,0.3805,38.05,380.5,20220110T210857Z,RELEASE-2022
d7ad6d85-afc7-4410-95c7-bb09aab621aa,MEGAPT100992,2014-05-05,SERC.1.160,SERC.1.160.LIVE.<4MM,SERC.1.160.LIVE.<4MM,live,<=4mm,0.0597,5.97,29.85,20220110T210857Z,RELEASE-2022
65f6e85c-3b06-4721-a000-900fc0d0aad3,MEGAPT100992,2014-05-05,SERC.1.40,SERC.1.40.LIVE.<4MM,SERC.1.40.LIVE.<4MM,live,<=4mm,0.2072,20.72,207.2,20220110T210857Z,RELEASE-2022
4d927fff-bc3e-48a5-8a22-cc556b5a7896,MEGAPT100992,2014-05-05,SERC.1.40,SERC.1.40.DEAD.<4MM,SERC.1.40.DEAD.<4MM,dead,<=4mm,0.045,4.5,45,20220110T210857Z,RELEASE-2022
447bb221-2149-4f75-b169-458ddc5d1991,MEGAPT100992,2014-05-05,SERC.2.40,SERC.2.40.DEAD.<4MM,SERC.2.40.DEAD.<4MM,dead,<=4mm,0.1925,19.25,192.5,20220110T210857Z,RELEASE-2022
28215373-220b-47ba-a336-06513a681cfc,MEGAPT100992,2014-05-05,SERC.2.100,SERC.2.100.DEAD.<4MM,SERC.2.100.DEAD.<4MM,dead,<=4mm,0.0325,3.25,16.25,20220110T210857Z,RELEASE-2022
211f37b7-7323-46dc-a5c1-50d164a46e51,MEGAPT100992,2014-05-05,SERC.1.80,SERC.1.80.LIVE.<4MM,SERC.1.80.LIVE.<4MM,live,<=4mm,0.0712,7.12,71.2,20220110T210857Z,RELEASE-2022
3b9f1dff-cf97-4c34-8ac9-9902365a5cb0,MEGAPT100992,2014-05-05,SERC.2.10,SERC.2.10.DEAD.<4MM,SERC.2.10.DEAD.<4MM,dead,<=4mm,0.0472,4.72,47.2,20220110T210857Z,RELEASE-2022
0d0db2cd-8c1b-4cd7-ae4a-ad5ae595aab1,MEGAPT100992,2014-05-05,SERC.2.20,SERC.2.20.DEAD.<4MM,SERC.2.20.DEAD.<4MM,dead,<=4mm,0.0279,2.54,25.36,20220110T210857Z,RELEASE-2022
30bf4b70-c82a-4cb7-a671-d5c760eee0d0,MEGAPT100992,2014-05-05,SERC.2.10,SERC.2.10.LIVE.>4MM,SERC.2.10.LIVE.>4MM,live,>4mm,0.9979,99.79,997.9,20220110T210857Z,RELEASE-2022
3807ff1a-b994-4792-aeb5-5d28dc92795e,MEGAPT100992,2014-05-05,SERC.1.0,SERC.1.0.LIVE.>4MM,SERC.1.0.LIVE.>4MM,live,>4mm,0.4549,45.49,454.9,20220110T210857Z,RELEASE-2022
2967e362-50de-406a-9461-662b90a22ba7,MEGAPT100992,2014-05-05,SERC.2.10,SERC.2.10.LIVE.<4MM,SERC.2.10.LIVE.<4MM,live,<=4mm,1.2224,122.24,1222.4,20220110T210857Z,RELEASE-2022
21014211-2b98-4b26-b043-a715a907827b,MEGAPT100992,2014-05-05,SERC.1.60,SERC.1.60.LIVE.<4MM,SERC.1.60.LIVE.<4MM,live,<=4mm,0.1232,12.32,123.2,20220110T210857Z,RELEASE-2022
a7dcd24e-593b-4aba-9147-d80df9d72cce,MEGAPT100992,2014-05-05,SERC.1.30,SERC.1.30.DEAD.<4MM,SERC.1.30.DEAD.<4MM,dead,<=4mm,0.073,7.3,73,20220110T210857Z,RELEASE-2022
90ece2e9-ded1-47d9-b888-c31b11fbd6b0,MEGAPT100992,2014-05-05,SERC.1.60,SERC.1.60.DEAD.<4MM,"",dead,<=4mm,0.0067,0.67,6.7,20220110T210857Z,RELEASE-2022
b2afa1f7-ac8a-4a45-8319-8dfacfbbbe8b,MEGAPT100992,2014-05-05,SERC.1.70,SERC.1.70.DEAD.<4MM,"",dead,<=4mm,0.007,0.7,7,20220110T210857Z,RELEASE-2022
25ec4a9c-1699-40a5-a5f5-2a080d8de51b,MEGAPT100992,2014-05-05,SERC.2.90,SERC.2.90.DEAD.<4MM,SERC.2.90.DEAD.<4MM,dead,<=4mm,0.0423,4.23,42.3,20220110T210857Z,RELEASE-2022
42897901-13f1-4f84-b119-8f4675cec128,MEGAPT100992,2014-05-05,SERC.2.70,SERC.2.70.DEAD.<4MM,SERC.2.70.DEAD.<4MM,dead,<=4mm,0.028,2.8,28,20220110T210857Z,RELEASE-2022
49906982-6ab1-4dc3-9b63-0fb0eb0fa1d5,MEGAPT100992,2014-05-05,SERC.1.20,SERC.1.20.DEAD.<4MM,SERC.1.20.DEAD.<4MM,dead,<=4mm,0.0555,5.55,55.5,20220110T210857Z,RELEASE-2022
b468d630-6c19-44fc-bd0d-f7549db21ee9,MEGAPT100992,2014-05-05,SERC.1.0,SERC.1.0.DEAD.<4MM,SERC.1.0.DEAD.<4MM,dead,<=4mm,0.2362,23.62,236.2,20220110T210857Z,RELEASE-2022
43f725d3-02c9-49ab-ba37-69e942b9726a,MEGAPT100992,2014-05-05,SERC.1.0,SERC.1.0.LIVE.<4MM,SERC.1.0.LIVE.<4MM,live,<=4mm,1.1472,114.72,1147.2,20220110T210857Z,RELEASE-2022
7971a6e3-1100-48f3-be44-a326a539ca66,MEGAPT100992,2014-05-05,SERC.1.140,SERC.1.140.LIVE.<4MM,SERC.1.140.LIVE.<4MM,live,<=4mm,0.0531,5.31,26.55,20220110T210857Z,RELEASE-2022
35a3ec1e-40d8-4e99-8a1a-e37b8ee53559,MEGAPT100992,2014-05-05,SERC.2.0,SERC.2.0.LIVE.>4MM,SERC.2.0.LIVE.>4MM,live,>4mm,3.5344,353.44,3534.4,20220110T210857Z,RELEASE-2022
e21fbf19-6bbb-4f6b-a993-8e4dca83cd55,MEGAPT100992,2014-05-05,SERC.1.10,SERC.1.10.DEAD.>4MM,SERC.1.10.DEAD.>4MM,dead,>4mm,0.2628,26.28,262.8,20220110T210857Z,RELEASE-2022
ca7ca14c-02d5-4ab8-a673-1a80c176035c,MEGAPT100992,2014-05-05,SERC.1.0,SERC.1.0.DEAD.>4MM,SERC.1.0.DEAD.>4MM,dead,>4mm,0.1971,19.71,197.1,20220110T210857Z,RELEASE-2022
faa6837a-6478-4c23-986b-00ae7a8029a9,MEGAPT100999,2015-06-15,TREE.3.60,TREE.3.60.LIVE.<4MM,TREE.3.60.LIVE.<4MM,live,<=4mm,0.1564,15.64,156.4,20211221T205341Z,RELEASE-2022
ec33f996-1f21-4c7e-80d8-ae3400effb23,MEGAPT100999,2015-06-15,TREE.3.70,TREE.3.70.LIVE.<4MM,TREE.3.70.LIVE.<4MM,live,<=4mm,0.0419,4.19,41.9,20211221T205341Z,RELEASE-2022
629e3c1e-dbcf-4b13-a829-05a20bc410fe,MEGAPT100999,2015-06-15,TREE.3.90,TREE.3.90.LIVE.<4MM,TREE.3.90.LIVE.<4MM,live,<=4mm,0.0278,2.78,27.8,20211221T205341Z,RELEASE-2022
212d6453-0a26-42f5-87b0-d898ee8ff51a,MEGAPT100999,2015-06-15,TREE.3.80,TREE.3.80.LIVE.<4MM,TREE.3.80.LIVE.<4MM,live,<=4mm,0.0266,2.66,26.6,20211221T205341Z,RELEASE-2022
1d8872c9-b21d-4364-aed7-86f9def46215,MEGAPT100999,2015-06-15,TREE.3.140,TREE.3.140.LIVE.<4MM,"",live,<=4mm,0.0029,0.29,1.45,20211221T205341Z,RELEASE-2022
3d18bde3-aaa2-49ae-874c-5b740a2e3ae1,MEGAPT100999,2015-06-15,TREE.3.50,TREE.3.50.LIVE.<4MM,TREE.3.50.LIVE.<4MM,live,<=4mm,2.1983,219.83,2198.3,20211221T205341Z,RELEASE-2022
64d43088-2e96-4044-a46b-f3bf7b2a6ce9,MEGAPT100999,2015-06-15,TREE.3.0,TREE.3.0.LIVE.<4MM,TREE.3.0.LIVE.<4MM,live,<=4mm,22.9952,2299.52,22995.2,20211221T205341Z,RELEASE-2022
7104d9c1-db83-405d-ae74-e61868c259e4,MEGAPT100999,2015-06-15,TREE.2.60,TREE.2.60.DEAD.<4MM,TREE.2.60.DEAD.<4MM,dead,<=4mm,0.0976,9.76,97.6,20211221T205341Z,RELEASE-2022
9815dd04-d33c-45db-aa7d-2ee5fdd8edce,MEGAPT100999,2015-06-15,TREE.3.70,TREE.3.70.LIVE.>4MM,TREE.3.70.LIVE.>4MM,live,>4mm,0.0402,4.02,40.2,20211221T205341Z,RELEASE-2022
d28ede81-2fa2-4638-b559-1e67b6a56cd9,MEGAPT100999,2015-06-15,TREE.3.0,TREE.3.0.DEAD.<4MM,TREE.3.0.DEAD.<4MM,dead,<=4mm,0.8938,89.38,893.8,20211221T205341Z,RELEASE-2022
c31486e3-dc88-443c-ba04-8c5576c1c9fa,MEGAPT100999,2015-06-15,TREE.3.120,TREE.3.120.LIVE.<4MM,"",live,<=4mm,0.0048,0.48,2.4,20211221T205341Z,RELEASE-2022
31f9f3ad-9e0b-4293-bdf9-42274b0e8be0,MEGAPT100999,2015-06-15,TREE.3.20,TREE.3.20.LIVE.<4MM,TREE.3.20.LIVE.<4MM,live,<=4mm,3.3988,339.88,3398.8,20211221T205341Z,RELEASE-2022
518bf54c-d2b5-467b-9850-669dfb0ac5dc,MEGAPT100999,2015-06-15,TREE.2.60,TREE.2.60.LIVE.<4MM,TREE.2.60.LIVE.<4MM,live,<=4mm,0.5843,58.43,584.3,20211221T205341Z,RELEASE-2022
9158e2de-3d9d-4509-b13a-f6ba071a426e,MEGAPT100999,2015-06-15,TREE.3.30,TREE.3.30.DEAD.<4MM,TREE.3.30.DEAD.<4MM,dead,<=4mm,0.0942,9.42,94.2,20211221T205341Z,RELEASE-2022
49ada241-3c63-45fa-a4e6-cc7148e971c7,MEGAPT100999,2015-06-15,TREE.2.70,TREE.2.70.LIVE.<4MM,TREE.2.70.LIVE.<4MM,live,<=4mm,0.1515,15.15,151.5,20211221T205341Z,RELEASE-2022
bb9db071-a649-4035-9f3e-5f153dbe971b,MEGAPT100999,2015-06-15,TREE.3.70,TREE.3.70.DEAD.<4MM,TREE.3.70.DEAD.<4MM,dead,<=4mm,0.0402,4.02,40.2,20211221T205341Z,RELEASE-2022
6fe2dc7c-be44-4158-bcdd-6a8f90f3bc12,MEGAPT100999,2015-06-15,TREE.2.80,TREE.2.80.DEAD.<4MM,"",dead,<=4mm,0.0057,0.57,5.7,20211221T205341Z,RELEASE-2022
c533a119-99af-4f80-b1ee-8627acc4fdab,MEGAPT100999,2015-06-15,TREE.3.20,TREE.3.20.DEAD.<4MM,TREE.3.20.DEAD.<4MM,dead,<=4mm,0.3285,32.85,328.5,20211221T205341Z,RELEASE-2022
b5e453fe-f32f-41f6-a832-c4c8ec9a151c,MEGAPT100999,2015-06-15,TREE.3.120,TREE.3.120.DEAD.<4MM,TREE.3.120.DEAD.<4MM,dead,<=4mm,0.1141,11.41,57.05,20211221T205341Z,RELEASE-2022
0077cca4-1410-4bce-a655-a3866ebbd2de,MEGAPT100999,2015-06-15,TREE.2.50,TREE.2.50.LIVE.<4MM,TREE.2.50.LIVE.<4MM,live,<=4mm,0.1748,17.48,174.8,20211221T205341Z,RELEASE-2022
5f5ce2f2-fbaf-442c-85ba-3790cafbf3c4,MEGAPT100999,2015-06-15,TREE.3.60,TREE.3.60.LIVE.>4MM,TREE.3.60.LIVE.>4MM,live,>4mm,0.0774,7.74,77.4,20211221T205341Z,RELEASE-2022
d0403231-6a2e-4a9a-a002-a3679bbb6ccf,MEGAPT100999,2015-06-15,TREE.3.100,TREE.3.100.DEAD.<4MM,TREE.3.100.DEAD.<4MM,dead,<=4mm,0.1966,19.66,98.3,20211221T205341Z,RELEASE-2022
13f4bb2d-58bf-4279-8df9-b74dc2dc370b,MEGAPT100999,2015-06-15,TREE.3.160,TREE.3.160.DEAD.<4MM,TREE.3.160.DEAD.<4MM,dead,<=4mm,0.1657,16.57,82.85,20211221T205341Z,RELEASE-2022
812d57e1-8d72-4df3-8e3a-d0d2ad0e54f8,MEGAPT100999,2015-06-15,TREE.2.100,TREE.2.100.LIVE.<4MM,"",live,<=4mm,0.0032,0.32,1.6,20211221T205341Z,RELEASE-2022
b4159f3e-6f55-46e3-b794-d8ddafa29f63,MEGAPT100999,2015-06-15,TREE.3.10,TREE.3.10.LIVE.>4MM,TREE.3.10.LIVE.>4MM,live,>4mm,2.542,254.2,2542,20211221T205341Z,RELEASE-2022
12e97dec-b8db-497b-9838-941fa7a17822,MEGAPT100999,2015-06-15,TREE.3.140,TREE.3.140.DEAD.<4MM,TREE.3.140.DEAD.<4MM,dead,<=4mm,0.0531,5.31,26.55,20211221T205341Z,RELEASE-2022
8e0f4d3a-b034-432b-b53e-40b72d4bb72d,MEGAPT100999,2015-06-15,TREE.3.40,TREE.3.40.LIVE.<4MM,TREE.3.40.LIVE.<4MM,live,<=4mm,2.0164,201.64,2016.4,20211221T205341Z,RELEASE-2022
03d61968-c399-4810-83e5-56afb880e307,MEGAPT100999,2015-06-15,TREE.2.30,TREE.2.30.LIVE.<4MM,TREE.2.30.LIVE.<4MM,live,<=4mm,1.9073,190.73,1907.3,20211221T205341Z,RELEASE-2022
47e55828-c961-4d37-b1ec-2b3bfe591cac,MEGAPT100999,2015-06-15,TREE.2.0,TREE.2.0.LIVE.<4MM,TREE.2.0.LIVE.<4MM,live,<=4mm,20.7033,2070.33,20703.3,20211221T205341Z,RELEASE-2022
77462ebf-fc68-4b6a-b91f-d891d3f0e48c,MEGAPT100999,2015-06-15,TREE.3.100,TREE.3.100.LIVE.<4MM,TREE.3.100.LIVE.<4MM,live,<=4mm,0.0589,5.89,29.45,20211221T205341Z,RELEASE-2022
19e4f169-e19f-4ebb-9e70-51c89f6948ab,MEGAPT100999,2015-06-15,TREE.3.40,TREE.3.40.DEAD.<4MM,TREE.3.40.DEAD.<4MM,dead,<=4mm,0.1677,16.77,167.7,20211221T205341Z,RELEASE-2022
21149f74-315b-4e75-9455-da62bdd67c54,MEGAPT100999,2015-06-15,TREE.2.70,TREE.2.70.DEAD.<4MM,TREE.2.70.DEAD.<4MM,dead,<=4mm,0.1263,12.63,126.3,20211221T205341Z,RELEASE-2022
bc06879e-66ee-4d75-83e5-1aaf68803635,MEGAPT100999,2015-06-15,TREE.3.180,TREE.3.180.LIVE.<4MM,TREE.3.180.LIVE.<4MM,live,<=4mm,0.2522,25.22,126.1,20211221T205341Z,RELEASE-2022
c9b05485-ec7a-4d5c-bdcf-6cfda525f5cb,MEGAPT100999,2015-06-15,TREE.2.90,TREE.2.90.LIVE.<4MM,"",live,<=4mm,0.0084,0.84,8.4,20211221T205341Z,RELEASE-2022
da11b4c0-23da-4cd4-9e2c-8b8febc10835,MEGAPT100999,2015-06-15,TREE.2.50,TREE.2.50.DEAD.<4MM,TREE.2.50.DEAD.<4MM,dead,<=4mm,0.0552,5.52,55.2,20211221T205341Z,RELEASE-2022
62f8512d-0e75-45d6-a838-22ab0807a878,MEGAPT100999,2015-06-15,TREE.3.10,TREE.3.10.DEAD.<4MM,TREE.3.10.DEAD.<4MM,dead,<=4mm,2.542,254.2,2542,20211221T205341Z,RELEASE-2022
50f9baa7-d872-4749-8ca3-55bf97554c98,MEGAPT100999,2015-06-15,TREE.3.10,TREE.3.10.LIVE.<4MM,TREE.3.10.LIVE.<4MM,live,<=4mm,5.9716,597.16,5971.6,20211221T205341Z,RELEASE-2022
7a5ff552-c01c-4021-b28d-393352868471,MEGAPT100999,2015-06-15,TREE.3.80,TREE.3.80.DEAD.<4MM,"",dead,<=4mm,0.0076,0.76,7.6,20211221T205341Z,RELEASE-2022
d2cf0419-9ec9-43b5-8498-ac45f1540fb8,MEGAPT100999,2015-06-15,TREE.2.40,TREE.2.40.LIVE.<4MM,TREE.2.40.LIVE.<4MM,live,<=4mm,1.501,150.1,1501,20211221T205341Z,RELEASE-2022
1241d4c7-6fd6-436e-bc73-e31a5b18f7ed,MEGAPT100999,2015-06-15,TREE.3.30,TREE.3.30.LIVE.<4MM,TREE.3.30.LIVE.<4MM,live,<=4mm,1.6766,167.66,1676.6,20211221T205341Z,RELEASE-2022
6e857ff3-0067-4121-b88f-f2d48ad3d85a,MEGAPT100999,2015-06-15,TREE.2.10,TREE.2.10.LIVE.<4MM,TREE.2.10.LIVE.<4MM,live,<=4mm,8.4401,844.01,8440.1,20211221T205341Z,RELEASE-2022
b7ee18ce-4894-42f0-8cb1-e1258a70ad6c,MEGAPT100999,2015-06-15,TREE.2.180,TREE.2.180.LIVE.<4MM,TREE.2.180.LIVE.<4MM,live,<=4mm,0.0448,4.48,22.4,20211221T205341Z,RELEASE-2022
e8da74a4-97bf-4ad0-a671-f1e7d2779648,MEGAPT100999,2015-06-15,TREE.2.120,TREE.2.120.LIVE.<4MM,"",live,<=4mm,0.0058,0.58,2.9,20211221T205341Z,RELEASE-2022
a4feff75-11f6-42f9-8efa-6301585ba57b,MEGAPT100999,2015-06-15,TREE.3.60,TREE.3.60.DEAD.<4MM,TREE.3.60.DEAD.<4MM,dead,<=4mm,0.0774,7.74,77.4,20211221T205341Z,RELEASE-2022
d90dbe45-0480-4c12-9aac-d61bf4e43180,MEGAPT100999,2015-06-15,TREE.2.80,TREE.2.80.LIVE.<4MM,"",live,<=4mm,0.0041,0.41,4.1,20211221T205341Z,RELEASE-2022
c60b4948-1f5d-4c65-972c-1ebbac098f3a,MEGAPT100999,2015-06-15,TREE.3.100,TREE.3.100.LIVE.>4MM,TREE.3.100.LIVE.>4MM,live,>4mm,0.1966,19.66,98.3,20211221T205341Z,RELEASE-2022
b7b82371-69ee-4eef-8011-a3709cfb7b5b,MEGAPT100999,2015-06-15,TREE.3.50,TREE.3.50.DEAD.<4MM,TREE.3.50.DEAD.<4MM,dead,<=4mm,0.1453,14.53,145.3,20211221T205341Z,RELEASE-2022
5e95c703-8773-4fb0-b16e-b643eb50eb7a,MEGAPT100999,2015-06-15,TREE.2.160,TREE.2.160.DEAD.<4MM,TREE.2.160.DEAD.<4MM,dead,<=4mm,0.1506,15.06,75.3,20211221T205341Z,RELEASE-2022
76d874a8-c203-468c-850e-90d60be08694,MEGAPT100999,2015-06-15,TREE.2.20,TREE.2.20.DEAD.<4MM,TREE.2.20.DEAD.<4MM,dead,<=4mm,0.2318,23.18,231.8,20211221T205341Z,RELEASE-2022
3d2283b9-94fc-4591-89c8-af11e175e24a,MEGAPT100999,2015-06-15,TREE.2.30,TREE.2.30.LIVE.>4MM,TREE.2.30.LIVE.>4MM,live,>4mm,0.244,24.4,244,20211221T205341Z,RELEASE-2022
4a8a7904-e210-48bc-9c5b-819851da9b94,MEGAPT100999,2015-06-15,TREE.2.30,TREE.2.30.DEAD.<4MM,TREE.2.30.DEAD.<4MM,dead,<=4mm,0.244,24.4,244,20211221T205341Z,RELEASE-2022
50094fa6-9231-4d34-b799-79903fdd3328,MEGAPT100999,2015-06-15,TREE.2.40,TREE.2.40.DEAD.<4MM,TREE.2.40.DEAD.<4MM,dead,<=4mm,0.0481,4.81,48.1,20211221T205341Z,RELEASE-2022
9a94406f-f0bb-400f-b7bd-2d57d9fb40c5,MEGAPT100999,2015-06-15,TREE.2.10,TREE.2.10.DEAD.<4MM,TREE.2.10.DEAD.<4MM,dead,<=4mm,0.0938,9.38,93.8,20211221T205341Z,RELEASE-2022
3ed7823e-fc89-403c-9b09-0d067aefe810,MEGAPT100999,2015-06-15,TREE.2.0,TREE.2.0.DEAD.<4MM,TREE.2.0.DEAD.<4MM,dead,<=4mm,0.7556,75.56,755.6,20211221T205341Z,RELEASE-2022
097825c5-fd46-4358-9bf9-2bdbac7e4f38,MEGAPT100999,2015-06-15,TREE.1.50,TREE.1.50.DEAD.<4MM,"",dead,<=4mm,0.007,0.7,7,20211221T205341Z,RELEASE-2022
874f1970-da7e-4a52-b1bc-d545bb3aa4ba,MEGAPT100999,2015-06-15,TREE.1.160,TREE.1.160.LIVE.<4MM,TREE.1.160.LIVE.<4MM,live,<=4mm,0.7988,79.88,399.4,20211221T205341Z,RELEASE-2022
14a47301-cd9d-4ae9-8e59-887a757287a9,MEGAPT100999,2015-06-15,TREE.2.20,TREE.2.20.LIVE.>4MM,TREE.2.20.LIVE.>4MM,live,>4mm,0.2318,23.18,231.8,20211221T205341Z,RELEASE-2022
8be60f91-ec00-4d0e-8ba5-69575665a3fb,MEGAPT100999,2015-06-15,TREE.1.70,TREE.1.70.DEAD.<4MM,TREE.1.70.DEAD.<4MM,dead,<=4mm,0.113,11.3,113,20211221T205341Z,RELEASE-2022
ea0cb30e-c7c9-4a43-8ce3-d5b2efde37f3,MEGAPT100999,2015-06-15,TREE.1.40,TREE.1.40.DEAD.<4MM,TREE.1.40.DEAD.<4MM,dead,<=4mm,0.0228,2.28,22.8,20211221T205341Z,RELEASE-2022
cee25f5d-6680-4f6e-a841-eac24d836719,MEGAPT100999,2015-06-15,TREE.1.80,TREE.1.80.LIVE.<4MM,TREE.1.80.LIVE.<4MM,live,<=4mm,0.054,5.4,54,20211221T205341Z,RELEASE-2022
fca2863f-0146-48f1-8ce2-524d42fc5dde,MEGAPT100999,2015-06-15,TREE.1.160,TREE.1.160.DEAD.<4MM,TREE.1.160.DEAD.<4MM,dead,<=4mm,0.0208,2.08,10.4,20211221T205341Z,RELEASE-2022
29e293c1-e52c-41a0-90ee-e17f94947da9,MEGAPT100999,2015-06-15,TREE.1.50,TREE.1.50.LIVE.<4MM,"",live,<=4mm,0.0052,0.52,5.2,20211221T205341Z,RELEASE-2022
546101c6-93d6-472a-8c5a-046075b6ec3e,MEGAPT100999,2015-06-15,TREE.1.160,TREE.1.160.LIVE.>4MM,TREE.1.160.LIVE.>4MM,live,>4mm,0.0208,2.08,10.4,20211221T205341Z,RELEASE-2022
5348b8cd-2578-4d05-af61-20fc17c9e149,MEGAPT100999,2015-06-15,TREE.1.10,TREE.1.10.LIVE.<4MM,TREE.1.10.LIVE.<4MM,live,<=4mm,4.3311,433.11,4331.1,20211221T205341Z,RELEASE-2022
1c77ccae-a842-4fac-b066-808546a96e31,MEGAPT100999,2015-06-15,TREE.1.70,TREE.1.70.LIVE.<4MM,TREE.1.70.LIVE.<4MM,live,<=4mm,0.127,12.7,127,20211221T205341Z,RELEASE-2022
6c489d8d-c0cf-4026-94ea-d461c3a25649,MEGAPT100999,2015-06-15,TREE.1.0,TREE.1.0.LIVE.<4MM,TREE.1.0.LIVE.<4MM,live,<=4mm,20.2233,2022.33,20223.3,20211221T205341Z,RELEASE-2022
a239cb9c-02a8-4816-9bc0-e88013e62ea5,MEGAPT100999,2015-06-15,TREE.1.30,TREE.1.30.LIVE.<4MM,TREE.1.30.LIVE.<4MM,live,<=4mm,0.4111,41.11,411.1,20211221T205341Z,RELEASE-2022
6c86d4d2-2bf9-4500-a6c6-5a09c3b40781,MEGAPT100999,2015-06-15,TREE.1.180,TREE.1.180.LIVE.<4MM,"",live,<=4mm,0.0029,0.29,1.45,20211221T205341Z,RELEASE-2022
89ade063-98d5-45c1-b311-7cffd2c8c0b5,MEGAPT100999,2015-06-15,TREE.1.20,TREE.1.20.LIVE.<4MM,TREE.1.20.LIVE.<4MM,live,<=4mm,1.7856,178.56,1785.6,20211221T205341Z,RELEASE-2022
11c4a40a-ed13-422d-8ac0-2d0c4eb21daa,MEGAPT100999,2015-06-15,TREE.1.140,TREE.1.140.LIVE.<4MM,"",live,<=4mm,0.0022,0.22,1.1,20211221T205341Z,RELEASE-2022
3ed41712-6a41-435a-a46b-68b8d448084e,MEGAPT100999,2015-06-15,TREE.1.60,TREE.1.60.LIVE.<4MM,TREE.1.60.LIVE.<4MM,live,<=4mm,0.1319,13.19,131.9,20211221T205341Z,RELEASE-2022
5caeac4f-79b5-4763-b6d3-a081e34bb817,MEGAPT100999,2015-06-15,TREE.1.90,TREE.1.90.LIVE.<4MM,"",live,<=4mm,0.0015,0.15,1.5,20211221T205341Z,RELEASE-2022
da4f18ed-c0ec-4df3-ae16-de2abae99d03,MEGAPT100999,2015-06-15,TREE.1.120,TREE.1.120.LIVE.<4MM,"",live,<=4mm,0.0093,0.93,4.65,20211221T205341Z,RELEASE-2022
e3c9e784-eebf-41b4-9bbd-78ac79000b8a,MEGAPT100999,2015-06-15,TREE.1.20,TREE.1.20.DEAD.<4MM,TREE.1.20.DEAD.<4MM,dead,<=4mm,0.5393,53.93,539.3,20211221T205341Z,RELEASE-2022
f3e8a038-d53c-4bfb-8ba7-2c77bb0bd9e0,MEGAPT100999,2015-06-15,TREE.1.0,TREE.1.0.DEAD.<4MM,TREE.1.0.DEAD.<4MM,dead,<=4mm,0.1192,11.92,119.2,20211221T205341Z,RELEASE-2022
bc94c813-b3f1-4071-ae3c-db6b4cf660e0,MEGAPT100999,2015-06-15,TREE.1.10,TREE.1.10.DEAD.<4MM,TREE.1.10.DEAD.<4MM,dead,<=4mm,0.0503,5.03,50.3,20211221T205341Z,RELEASE-2022
abe99461-6800-4b7e-ae96-dfca29fd1fc6,MEGAPT100999,2015-06-15,TREE.1.30,TREE.1.30.DEAD.<4MM,"",dead,<=4mm,0.0167,1.67,16.7,20211221T205341Z,RELEASE-2022
fb6733cf-4259-4132-b537-a1f549424dfc,MEGAPT100999,2015-06-15,TREE.1.40,TREE.1.40.LIVE.<4MM,TREE.1.40.LIVE.<4MM,live,<=4mm,0.0825,8.25,82.5,20211221T205341Z,RELEASE-2022
4f9a61b9-413e-48d0-8131-00d9754e384c,MEGAPT100988,2013-09-23,ORNL.3.160,ORNL.3.160.LIVE.<2MM,ORNL.3.160.LIVE.<2MM,live,<=2mm,0.0512,5.12,25.6,20211221T000516Z,RELEASE-2022
3135817f-cbd9-4600-b55f-22b8414046e9,MEGAPT100988,2013-09-23,ORNL.3.40,ORNL.3.40.DEAD.<2MM,ORNL.3.40.DEAD.<2MM,dead,<=2mm,0.0236,2.36,23.6,20211221T000516Z,RELEASE-2022
e8f2e3b2-6767-4876-a029-b317c30b6707,MEGAPT100988,2013-09-23,ORNL.3.10,ORNL.3.10.LIVE.<2MM,ORNL.3.10.LIVE.<2MM,live,<=2mm,0.9196,151.24,1512.38,20211221T000516Z,RELEASE-2022
c2ada78b-9730-47d8-9dac-0f086046b44c,MEGAPT100988,2013-09-23,ORNL.2.80,ORNL.2.80.LIVE<2MM,ORNL.2.80.LIVE<2MM,live,<=2mm,0.1711,17.11,171.1,20211221T000516Z,RELEASE-2022
33d930d3-366b-4049-98a0-3147f4ba7830,MEGAPT100988,2013-09-23,ORNL.3.100,ORNL.3.100.LIVE.>2MM,ORNL.3.100.LIVE.>2MM,live,>2mm,0.1329,13.29,66.45,20211221T000516Z,RELEASE-2022
3bd4d9b9-4ae2-47b3-83ba-1e790893865d,MEGAPT100988,2013-09-23,ORNL.3.30,ORNL.3.30.DEAD.<2MM,"",dead,<=2mm,0.0033,0.33,3.3,20211221T000516Z,RELEASE-2022
368797cc-6bb3-4482-b6a4-b06c92cbf2e5,MEGAPT100988,2013-09-23,ORNL.3.100,ORNL.3.100.LIVE.<2MM,ORNL.3.100.LIVE.<2MM,live,<=2mm,0.1791,17.91,89.55,20211221T000516Z,RELEASE-2022
96cde55d-4849-416d-ad46-3477bcc74442,MEGAPT100988,2013-09-23,ORNL.3.10,ORNL.3.10.DEAD.>2MM,ORNL.3.10.DEAD.>2MM,dead,>2mm,0.0704,11.58,115.78,20211221T000516Z,RELEASE-2022
c83cab4a-1904-4dcb-9ab6-64bc50378c27,MEGAPT100988,2013-09-23,ORNL.3.10,ORNL.3.10.DEAD.<2MM,ORNL.3.10.DEAD.<2MM,dead,<=2mm,0.028,4.6,46.05,20211221T000516Z,RELEASE-2022
38cd7377-8981-4fb2-8334-8e08985b34c7,MEGAPT100988,2013-09-23,ORNL.3.20,ORNL.3.20.DEAD.<2MM,ORNL.3.20.DEAD.<2MM,dead,<=2mm,0.0295,4.85,48.52,20211221T000516Z,RELEASE-2022
951ab375-96aa-439a-a05b-28584e0862a3,MEGAPT100988,2013-09-23,ORNL.3.30,ORNL.3.30.LIVE.<2MM,ORNL.3.30.LIVE.<2MM,live,<=2mm,0.4732,47.32,473.2,20211221T000516Z,RELEASE-2022
ecb87e8a-d68f-4bc3-b25c-189a97c82890,MEGAPT100988,2013-09-23,ORNL.3.20,ORNL.3.20.LIVE.<2MM,ORNL.3.20.LIVE.<2MM,live,<=2mm,0.495,81.41,814.08,20211221T000516Z,RELEASE-2022
a8bde94a-f38d-4f82-b7b7-addb7a60528a,MEGAPT100988,2013-09-23,ORNL.3.0,ORNL.3.0.LIVE.>2MM,ORNL.3.0.LIVE.>2MM,live,>2mm,2.5626,421.45,4214.46,20211221T000516Z,RELEASE-2022
f135e472-2eed-40dc-8fa9-c7f412580bf6,MEGAPT100988,2013-09-23,ORNL.3.70,ORNL.3.70.DEAD.<2MM,"",dead,<=2mm,0.0153,1.53,15.3,20211221T000516Z,RELEASE-2022
989ec4fc-3ca9-4d98-9912-f2cb1b658bba,MEGAPT100988,2013-09-23,ORNL.2.70,ORNL.2.70.LIVE.<2MM,ORNL.2.70.LIVE.<2MM,live,<=2mm,0.1194,11.94,119.4,20211221T000516Z,RELEASE-2022
145818c2-d3a1-464b-82cc-57343634a789,MEGAPT100988,2013-09-23,ORNL.3.70,ORNL.3.70.LIVE.<2MM,ORNL.3.70.LIVE.<2MM,live,<=2mm,0.0844,8.44,84.4,20211221T000516Z,RELEASE-2022
15f652b1-e11e-4d18-92be-b5bfc7a1592e,MEGAPT100988,2013-09-23,ORNL.3.120,ORNL.3.120.DEAD.<2MM,ORNL.3.120.DEAD.<2MM,dead,<=2mm,0.023,2.3,11.5,20211221T000516Z,RELEASE-2022
19b0f348-2767-4735-abaa-fe7cd357ee86,MEGAPT100988,2013-09-23,ORNL.3.120,ORNL.3.120.LIVE.<2MM,ORNL.3.120.LIVE.<2MM,live,<=2mm,0.3984,39.84,199.2,20211221T000516Z,RELEASE-2022
3b602527-731f-4860-a70a-2ab9358977d4,MEGAPT100988,2013-09-23,ORNL.3.50,ORNL.3.50.LIVE.<2MM,ORNL.3.50.LIVE.<2MM,live,<=2mm,0.0785,7.85,78.5,20211221T000516Z,RELEASE-2022
3b1b50d9-c484-4dfe-b754-43bf0534ea45,MEGAPT100988,2013-09-23,ORNL.2.90,ORNL.2.90.LIVE.<2MM,ORNL.2.90.LIVE.<2MM,live,<=2mm,0.3641,36.41,364.1,20211221T000516Z,RELEASE-2022
ad591bf1-9bea-4393-b4ed-fdb771a63c27,MEGAPT100988,2013-09-23,ORNL.3.80,ORNL.3.80.LIVE.<2MM,ORNL.3.80.LIVE.<2MM,live,<=2mm,0.0204,2.04,20.4,20211221T000516Z,RELEASE-2022
92a76816-9a11-4d16-9300-493ff40ed087,MEGAPT100988,2013-09-23,ORNL.3.20,ORNL.3.20.LIVE.>2MM,ORNL.3.20.LIVE.>2MM,live,>2mm,0.1923,31.63,316.26,20211221T000516Z,RELEASE-2022
ed53aa4f-cca9-4581-8860-22bf89d9228c,MEGAPT100988,2013-09-23,ORNL.3.80,ORNL.3.80.DEAD.<2MM,"",dead,<=2mm,0.0057,0.57,5.7,20211221T000516Z,RELEASE-2022
7c28e9cc-41f5-4e0c-a83e-cd6b121c8da2,MEGAPT100988,2013-09-23,ORNL.3.30,ORNL.3.30.LIVE.>2MM,ORNL.3.30.LIVE.>2MM,live,>2mm,0.5937,59.37,593.7,20211221T000516Z,RELEASE-2022
50bab9af-05bf-4988-859c-6e6fc905cadb,MEGAPT100988,2013-09-23,ORNL.3.60,ORNL.3.60.LIVE.<2MM,"",live,<=2mm,0.0093,0.93,9.3,20211221T000516Z,RELEASE-2022
46bfc2c3-7c17-46e8-b984-76f07a7dd4e5,MEGAPT100988,2013-09-23,ORNL.3.100,ORNL.3.100.DEAD.<2MM,"",dead,<=2mm,0.0112,1.12,5.6,20211221T000516Z,RELEASE-2022
f473fe3d-8d71-43d7-9e48-bf569c345524,MEGAPT100988,2013-09-23,ORNL.3.0,ORNL.3.0.LIVE.<2MM,ORNL.3.0.LIVE.<2MM,live,<=2mm,2.5452,418.59,4185.85,20211221T000516Z,RELEASE-2022
12b629bc-6f8d-454d-a65f-3f03854675f7,MEGAPT100988,2013-09-23,ORNL.3.140,ORNL.3.140.LIVE.<2MM,ORNL.3.140.LIVE.<2MM,live,<=2mm,0.3696,36.96,184.8,20211221T000516Z,RELEASE-2022
fddfbb51-0ab2-450b-abf5-b5fa992e5bf4,MEGAPT100988,2013-09-23,ORNL.3.10,ORNL.3.10.LIVE.>2MM,ORNL.3.10.LIVE.>2MM,live,>2mm,1.1754,193.31,1933.07,20211221T000516Z,RELEASE-2022
bf5f4e22-21d4-4085-8bcb-c6e8eff75849,MEGAPT100988,2013-09-23,ORNL.3.40,ORNL.3.40.LIVE.<2MM,ORNL.3.40.LIVE.<2MM,live,<=2mm,0.2905,29.05,290.5,20211221T000516Z,RELEASE-2022
bfaf94d5-82b2-48c5-a052-366aade963c8,MEGAPT100988,2013-09-23,ORNL.3.0,ORNL.3.0.DEAD.<2MM,ORNL.3.0.DEAD.<2MM,dead,<=2mm,0.3715,61.1,610.97,20211221T000516Z,RELEASE-2022
c3c3de30-f416-4640-a793-3e6704aa2a7d,MEGAPT100988,2013-09-23,ORNL.1.70,ORNL.1.70.LIVE.<2MM,ORNL.1.70.LIVE.<2MM,live,<=2mm,0.1236,12.36,123.6,20211221T000516Z,RELEASE-2022
9c7992cc-eead-45a9-96d5-f02d09cbd600,MEGAPT100988,2013-09-23,ORNL.2.30,ORNL.2.30.LIVE<2MM,ORNL.2.30.LIVE<2MM,live,<=2mm,0.3555,35.55,355.5,20211221T000516Z,RELEASE-2022
fc91178d-d6ee-46a7-8fda-9db1e5b0d1b1,MEGAPT100988,2013-09-23,ORNL.1.120,ORNL.1.120.LIVE.<2MM,ORNL.1.120.LIVE.<2MM,live,<=2mm,0.0493,4.93,24.65,20211221T000516Z,RELEASE-2022
2e1d8b67-5855-4f40-a8aa-10a4a397929c,MEGAPT100988,2013-09-23,ORNL.2.20,ORNL.2.20.DEAD.<2MM,ORNL.2.20.DEAD.<2MM,dead,<=2mm,0.0255,2.55,25.5,20211221T000516Z,RELEASE-2022
f0951aad-ecaf-47d4-8695-abdc694d924c,MEGAPT100988,2013-09-23,ORNL.2.10,ORNL.2.10.LIVE.>2MM,ORNL.2.10.LIVE.>2MM,live,>2mm,0.9183,91.83,918.3,20211221T000516Z,RELEASE-2022
fb51ebeb-95b4-40c6-abaa-db0e014973c7,MEGAPT100988,2013-09-23,ORNL.2.50,ORNL.2.50.LIVE<2MM,ORNL.2.50.LIVE<2MM,live,<=2mm,0.7312,73.12,731.2,20211221T000516Z,RELEASE-2022
03c8276f-87e4-4743-8b30-6ab57e16d224,MEGAPT100988,2013-09-23,ORNL.2.40,ORNL.2.40.DEAD.<2MM,ORNL.2.40.DEAD.<2MM,dead,<=2mm,0.0371,3.71,37.1,20211221T000516Z,RELEASE-2022
da7958ab-de0e-4a44-aaaa-c768ff484552,MEGAPT100988,2013-09-23,ORNL.2.40,ORNL.2.40.LIVE.<2MM,ORNL.2.40.LIVE.<2MM,live,<=2mm,0.2408,24.08,240.8,20211221T000516Z,RELEASE-2022
a6db202b-4f09-4f71-ad84-40dd4c9a470a,MEGAPT100988,2013-09-23,ORNL.1.80,ORNL.1.80.LIVE.<2MM,ORNL.1.80.LIVE.<2MM,live,<=2mm,0.1431,14.31,143.1,20211221T000516Z,RELEASE-2022
0d81e4b6-8df8-4e45-9509-563672da1b91,MEGAPT100988,2013-09-23,ORNL.2.140,ORNL.2.140.LIVE.<2MM,ORNL.2.140.LIVE.<2MM,live,<=2mm,0.2495,24.95,124.75,20211221T000516Z,RELEASE-2022
202cbf6c-5917-4d90-9761-c07e024796d3,MEGAPT100988,2013-09-23,ORNL.2.0,ORNL.2.0.LIVE.<2MM,ORNL.2.0.LIVE.<2MM,live,<=2mm,4.0042,658.53,6585.32,20211221T000516Z,RELEASE-2022
6ddccb21-3b2f-4669-bda7-4e0e7e7fd2fa,MEGAPT100988,2013-09-23,ORNL.2.140,ORNL.2.140.DEAD.<2MM,"",dead,<=2mm,0.0133,1.33,6.65,20211221T000516Z,RELEASE-2022
c11a5b7a-874d-4adf-90ff-e6fd3c0903ff,MEGAPT100988,2013-09-23,ORNL.1.10,ORNL.1.10.LIVE.<2MM,ORNL.1.10.LIVE.<2MM,live,<=2mm,0.6431,64.31,643.1,20211221T000516Z,RELEASE-2022
ddac6fd5-871d-45d3-b1b6-05982a3384d9,MEGAPT100988,2013-09-23,ORNL.2.60,ORNL.2.60.DEAD.<2MM,"",dead,<=2mm,0.0056,0.56,5.6,20211221T000516Z,RELEASE-2022
0681a08b-35d1-4520-839e-78de25b99577,MEGAPT100988,2013-09-23,ORNL.1.60,ORNL.1.60.DEAD.<2MM,"",dead,<=2mm,0.0047,0.47,4.7,20211221T000516Z,RELEASE-2022
78477360-2bbc-4324-a969-11b9de9c131e,MEGAPT100988,2013-09-23,ORNL.1.30,ORNL.1.30.DEAD.<2MM,"",dead,<=2mm,0.0143,1.43,14.3,20211221T000516Z,RELEASE-2022
f60de2bd-39bf-4cc0-b1b1-a7d50a542df3,MEGAPT100988,2013-09-23,ORNL.2.120,ORNL.2.120.DEAD.<2MM,ORNL.2.120.DEAD.<2MM,dead,<=2mm,0.0839,8.39,41.95,20211221T000516Z,RELEASE-2022
b338bb86-6c57-4c90-863a-ac2f8bc5e8cf,MEGAPT100988,2013-09-23,ORNL.1.40,ORNL.1.40.LIVE.<2MM,ORNL.1.40.LIVE.<2MM,live,<=2mm,0.9396,93.96,939.6,20211221T000516Z,RELEASE-2022
fc181691-1a51-47bd-ac87-d0b0180a4a46,MEGAPT100988,2013-09-23,ORNL.2.90,ORNL.2.90.LIVE.>2MM,ORNL.2.90.LIVE.>2MM,live,>2mm,1.3438,134.38,1343.8,20211221T000516Z,RELEASE-2022
c23b04b0-efb3-46cf-a17d-f2b5d470f63f,MEGAPT100988,2013-09-23,ORNL.1.90,ORNL.1.90.DEAD.<2MM,"",dead,<=2mm,0.014,1.4,14,20211221T000516Z,RELEASE-2022
e495ffd1-840c-412b-9796-97083bc48faf,MEGAPT100988,2013-09-23,ORNL.2.90,ORNL.2.90.DEAD.<2MM,"",dead,<=2mm,0.0092,0.92,9.2,20211221T000516Z,RELEASE-2022
b20b3df6-39e1-488d-bd2e-1b15fc2b6464,MEGAPT100988,2013-09-23,ORNL.2.100,ORNL.2.100.DEAD.>2MM,ORNL.2.100.DEAD.>2MM,dead,>2mm,0.2055,20.55,102.75,20211221T000516Z,RELEASE-2022
38239f37-31c7-4bf2-9b21-95453fcda157,MEGAPT100988,2013-09-23,ORNL.2.120,ORNL.2.120.LIVE.<2MM,ORNL.2.120.LIVE.<2MM,live,<=2mm,0.6139,61.39,306.95,20211221T000516Z,RELEASE-2022
6f65a775-6451-4bd8-adea-8271af52e9b5,MEGAPT100988,2013-09-23,ORNL.2.0,ORNL.2.0.DEAD.<2MM,ORNL.2.0.DEAD.<2MM,dead,<=2mm,0.2036,33.48,334.84,20211221T000516Z,RELEASE-2022
bb3281d3-9d96-4870-b9e1-9c8fdeb4ef46,MEGAPT100988,2013-09-23,ORNL.2.100,ORNL.2.100.LIVE.>2MM,ORNL.2.100.LIVE.>2MM,live,>2mm,0.4183,41.83,209.15,20211221T000516Z,RELEASE-2022
a1dc0104-c4de-4ff5-9480-d65dfceafe1c,MEGAPT100988,2013-09-23,ORNL.1.160,ORNL.1.160.LIVE.<2MM,ORNL.1.160.LIVE.<2MM,live,<=2mm,0.1361,13.61,68.05,20211221T000516Z,RELEASE-2022
4afad133-0fbc-4a67-8f0f-3dee910f1bee,MEGAPT100988,2013-09-23,ORNL.1.50,ORNL.1.50.DEAD.<2MM,"",dead,<=2mm,0.0055,0.55,5.5,20211221T000516Z,RELEASE-2022
372985f0-9cc0-4da1-b375-559d2f6f8cb6,MEGAPT100988,2013-09-23,ORNL.1.30,ORNL.1.30.LIVE.<2MM,ORNL.1.30.LIVE.<2MM,live,<=2mm,0.9019,90.19,901.9,20211221T000516Z,RELEASE-2022
dce7d847-010f-4578-aebe-e308b8a86ba9,MEGAPT100988,2013-09-23,ORNL.2.100,ORNL.2.100.LIVE.<2MM,ORNL.2.100.LIVE.<2MM,live,<=2mm,0.3649,36.49,182.45,20211221T000516Z,RELEASE-2022
db9a9a84-a505-4099-b84c-4d07e9cce643,MEGAPT100988,2013-09-23,ORNL.2.60,ORNL.2.60.LIVE.<2MM,ORNL.2.60.LIVE.<2MM,live,<=2mm,0.3032,30.32,303.2,20211221T000516Z,RELEASE-2022
2b6f5f66-dcf9-443a-b319-0573f45bd406,MEGAPT100988,2013-09-23,ORNL.2.20,ORNL.2.20.LIVE.<2MM,ORNL.2.20.LIVE.<2MM,live,<=2mm,0.4004,40.04,400.4,20211221T000516Z,RELEASE-2022
1335c05f-61c9-4b23-aa0f-07f4948d07ed,MEGAPT100988,2013-09-23,ORNL.2.140,ORNL.2.140.LIVE.>2MM,ORNL.2.140.LIVE.>2MM,live,>2mm,0.4814,48.14,240.7,20211221T000516Z,RELEASE-2022
a12f0d88-722f-4df3-b93f-4428f6b355c5,MEGAPT100988,2013-09-23,ORNL.2.10,ORNL.2.10.DEAD.<2MM,ORNL.2.10.DEAD.<2MM,dead,<=2mm,0.0433,4.33,43.3,20211221T000516Z,RELEASE-2022
570189c5-2f67-4fb6-8a30-38643b1af66c,MEGAPT100988,2013-09-23,ORNL.2.10,ORNL.2.10.LIVE.<2MM,ORNL.2.10.LIVE.<2MM,live,<=2mm,0.498,49.8,498,20211221T000516Z,RELEASE-2022
9daec4c3-8c63-431a-a56d-1fb4bec78653,MEGAPT100988,2013-09-23,ORNL.2.0,ORNL.2.0.LIVE.>2MM,ORNL.2.0.LIVE.>2MM,live,>2mm,6.773,1113.89,11138.9,20211221T000516Z,RELEASE-2022
2f408bb7-27fd-4f14-9838-cf192c4437e2,MEGAPT100988,2013-09-23,ORNL.1.0,ORNL.1.0.LIVE.<2MM,ORNL.1.0.LIVE.<2MM,live,<=2mm,2.3786,237.86,2378.6,20211221T000516Z,RELEASE-2022
08743a6b-7a06-4522-8066-264afbd3f235,MEGAPT100988,2013-09-23,ORNL.2.80,ORNL.2.80.LIVE.>2MM,ORNL.2.80.LIVE.>2MM,live,>2mm,0.4808,48.08,480.8,20211221T000516Z,RELEASE-2022
53b28db9-67ea-41a4-8e3a-9e8c3ad2630f,MEGAPT100988,2013-09-23,ORNL.1.20,ORNL.1.20.LIVE.<2MM,ORNL.1.20.LIVE.<2MM,live,<=2mm,0.7002,70.02,700.2,20211221T000516Z,RELEASE-2022
967bc68b-dd31-4489-8fea-f491882ddac6,MEGAPT100988,2013-09-23,ORNL.1.60,ORNL.1.60.LIVE.<2MM,ORNL.1.60.LIVE.<2MM,live,<=2mm,0.2269,22.69,226.9,20211221T000516Z,RELEASE-2022
02ed4d5a-d88c-49cc-ae02-f158217af548,MEGAPT100988,2013-09-23,ORNL.1.100,ORNL.1.100.LIVE.<2MM,ORNL.1.100.LIVE.<2MM,live,<=2mm,0.1977,19.77,98.85,20211221T000516Z,RELEASE-2022
b5c5d690-1419-40b9-8b26-a82d689c5718,MEGAPT100988,2013-09-23,ORNL.1.140,ORNL.1.140.LIVE.<2MM,ORNL.1.140.LIVE.<2MM,live,<=2mm,0.1324,13.24,66.2,20211221T000516Z,RELEASE-2022
e83b121c-730b-48a5-a1e9-c2739b9a5733,MEGAPT100988,2013-09-23,ORNL.2.70,ORNL.2.70.DEAD.<2MM,"",dead,<=2mm,0.0145,1.45,14.5,20211221T000516Z,RELEASE-2022
23bc651c-0105-44d5-af06-47666f5091af,MEGAPT100988,2013-09-23,ORNL.1.90,ORNL.1.90.LIVE.<2MM,ORNL.1.90.LIVE.<2MM,live,<=2mm,0.3081,30.81,308.1,20211221T000516Z,RELEASE-2022
b63b9d81-625f-4c8a-9078-a94bf271fb3e,MEGAPT100988,2013-09-23,ORNL.2.50,ORNL.2.50.DEAD.<2MM,ORNL.2.50.DEAD.<2MM,dead,<=2mm,0.0359,3.59,35.9,20211221T000516Z,RELEASE-2022
e1a62cb1-07a2-49f0-b634-32d73fd2f5eb,MEGAPT100988,2013-09-23,ORNL.1.50,ORNL.1.50.LIVE.<2MM,ORNL.1.50.LIVE.<2MM,live,<=2mm,0.4016,40.16,401.6,20211221T000516Z,RELEASE-2022
6d74540f-b601-40ae-85d9-a364baa88787,MEGAPT100988,2013-09-23,ORNL.2.120,ORNL.2.120.LIVE.>2MM,ORNL.2.120.LIVE.>2MM,live,>2mm,0.6286,62.86,314.3,20211221T000516Z,RELEASE-2022
4eb299e1-bbba-4317-a7c8-9425e6ccefbb,MEGAPT100988,2013-09-23,ORNL.2.80,ORNL.2.80.DEAD.<2MM,"",dead,<=2mm,0.0086,0.86,8.6,20211221T000516Z,RELEASE-2022
105f874f-a031-4320-871f-865d5ce3370e,MEGAPT100988,2013-09-23,ORNL.2.100,ORNL.2.100.DEAD.<2MM,"",dead,<=2mm,0.006,0.6,3,20211221T000516Z,RELEASE-2022
384f1436-e777-411f-be2b-79e0a32a1c14,MEGAPT100988,2013-09-23,ORNL.2.160,ORNL.2.160.LIVE.>2MM,ORNL.2.160.LIVE.>2MM,live,>2mm,0.0878,8.78,43.9,20211221T000516Z,RELEASE-2022
78c0291b-7e2b-42bd-b69f-8082662d89c6,MEGAPT100988,2013-09-23,ORNL.2.160,ORNL.2.160.LIVE.<2MM,ORNL.2.160.LIVE.<2MM,live,<=2mm,0.6208,62.08,310.4,20211221T000516Z,RELEASE-2022
f994bc86-eaaa-4be5-9b17-39d74d79bd78,MEGAPT100988,2013-09-23,ORNL.1.30,ORNL.1.30.LIVE.>2MM,ORNL.1.30.LIVE.>2MM,live,>2mm,2.7586,275.86,2758.6,20211221T000516Z,RELEASE-2022
8557a2a8-1092-472e-9a10-1cfa3df95003,MEGAPT100988,2013-09-23,ORNL.1.20,ORNL.1.20.DEAD.<2MM,ORNL.1.20.DEAD.<2MM,dead,<=2mm,0.0245,2.45,24.5,20211221T000516Z,RELEASE-2022
8df245ff-aaae-48c5-8df9-a626f1affea3,MEGAPT100988,2013-09-23,ORNL.1.10,ORNL.1.10.LIVE.>2MM,ORNL.1.10.LIVE.>2MM,live,>2mm,3.8993,389.93,3899.3,20211221T000516Z,RELEASE-2022
180164a1-b7d8-4d4f-934a-11b28affd4e7,MEGAPT100988,2013-09-23,ORNL.1.0,ORNL.1.0.LIVE.>2MM,ORNL.1.0.LIVE.>2MM,live,>2mm,2.701,270.1,2701,20211221T000516Z,RELEASE-2022
8df88272-bf1d-4157-abfc-164488fb8edb,MEGAPT100988,2013-09-23,ORNL.1.10,ORNL.1.10.DEAD.<2MM,ORNL.1.10.DEAD.<2MM,dead,<=2mm,0.0215,2.15,21.5,20211221T000516Z,RELEASE-2022
5d77a097-c902-4dd3-afd1-7b590d590681,MEGAPT100988,2013-09-23,ORNL.1.60,ORNL.1.60.LIVE.>2MM,ORNL.1.60.LIVE.>2MM,live,>2mm,0.159,15.9,159,20211221T000516Z,RELEASE-2022
db81f395-6c7b-4d71-9de9-e12272aa1053,MEGAPT100988,2013-09-23,ORNL.1.0,ORNL.1.0.DEAD.<2MM,ORNL.1.0.DEAD.<2MM,dead,<=2mm,0.3695,36.95,369.5,20211221T000516Z,RELEASE-2022
92598598-f454-4689-9a76-4c8d4f0d2c0a,MEGAPT100988,2013-09-23,ORNL.1.40,ORNL.1.40.LIVE.>2MM,ORNL.1.40.LIVE.>2MM,live,>2mm,0.5899,58.99,589.9,20211221T000516Z,RELEASE-2022
55f4ff10-2a29-4755-85fb-d90918593a43,MEGAPT100988,2013-09-23,ORNL.1.100,ORNL.1.100.DEAD.<2MM,"",dead,<=2mm,0.0024,0.24,1.2,20211221T000516Z,RELEASE-2022
54e3c5b5-5c72-4c98-812d-2dcd4cf15132,MEGAPT100988,2013-09-23,ORNL.1.120,ORNL.1.120.LIVE.>2MM,ORNL.1.120.LIVE.>2MM,live,>2mm,0.0871,8.71,43.55,20211221T000516Z,RELEASE-2022
61c5c5c7-8c09-45cf-bbb9-c22bf8b0dba9,MEGAPT100969,2013-04-29,DELA.3.70,DELA.3.70.LIVE.<2MM,DELA.3.70.LIVE.<2MM,live,<=2mm,0.1889,17.17,171.73,20211221T002158Z,RELEASE-2022
ecf7f914-9bdf-4f81-824d-0851ee41c2b6,MEGAPT100969,2013-04-29,DELA.3.80,DELA.3.80.LIVE.<2MM,DELA.3.80.LIVE.<2MM,live,<=2mm,0.062,6.2,62,20211221T002158Z,RELEASE-2022
4f535c47-8a10-4ab9-8094-c1572bb49fb4,MEGAPT100969,2013-04-29,DELA.3.50,DELA.3.50.LIVE.<2MM,DELA.3.50.LIVE.<2MM,live,<=2mm,0.1889,18.89,188.9,20211221T002158Z,RELEASE-2022
5d9f9996-120f-4290-94e4-2d3af01474a1,MEGAPT100969,2013-04-29,DELA.3.20,DELA.3.20.LIVE.<2MM,DELA.3.20.LIVE.<2MM,live,<=2mm,0.3014,30.14,301.4,20211221T002158Z,RELEASE-2022
85de1104-3cf0-4f4b-9382-2e791d49fdf8,MEGAPT100969,2013-04-29,DELA.3.60,DELA.3.60.LIVE.<2MM,DELA.3.60.LIVE.<2MM,live,<=2mm,0.0616,5.13,51.33,20211221T002158Z,RELEASE-2022
76e6a829-0f0e-488c-9e4c-ec201ab888c3,MEGAPT100969,2013-04-29,DELA.3.40,DELA.3.40.LIVE.<2MM,DELA.3.40.LIVE.<2MM,live,<=2mm,0.7107,71.07,710.7,20211221T002158Z,RELEASE-2022
22d02238-9668-49bb-90f3-5e6b05f3ba97,MEGAPT100969,2013-04-29,DELA.3.30,DELA.3.30.LIVE.<2MM,DELA.3.30.LIVE.<2MM,live,<=2mm,0.3865,29.28,292.8,20211221T002158Z,RELEASE-2022
fba4a319-b548-4487-8f06-9f6c510a7b12,MEGAPT100969,2013-04-29,DELA.3.90,DELA.3.90.LIVE.<2MM,DELA.3.90.LIVE.<2MM,live,<=2mm,0.264,26.4,264,20211221T002158Z,RELEASE-2022
7633b74c-2946-48c8-b379-f84e25478887,MEGAPT100969,2013-04-29,DELA.3.10,DELA.3.10.LIVE.<2MM,DELA.3.10.LIVE.<2MM,live,<=2mm,1.0113,101.13,1011.3,20211221T002158Z,RELEASE-2022
660570d7-dbda-48b3-b4f1-2816428d9951,MEGAPT100969,2013-04-29,DELA.3.20,DELA.3.20.LIVE.>2MM,DELA.3.20.LIVE.>2MM,live,>2mm,3.1804,318.04,3180.4,20211221T002158Z,RELEASE-2022
317466e8-757b-44a8-9b18-a3f9acff0927,MEGAPT100969,2013-04-29,DELA.2.50,DELA.2.50.LIVE.<2MM,DELA.2.50.LIVE.<2MM,live,<=2mm,0.691,46.07,460.67,20211221T002158Z,RELEASE-2022
155800e2-6cb7-4f53-b067-e7f5a4f3bd45,MEGAPT100969,2013-04-29,DELA.2.80,DELA.2.80.LIVE.<2MM,DELA.2.80.LIVE.<2MM,live,<=2mm,0.2571,25.71,257.1,20211221T002158Z,RELEASE-2022
fafc3e8b-0bd3-4f3e-b98b-3048ed3e1c62,MEGAPT100969,2013-04-29,DELA.3.120,DELA.3.120.LIVE.<2MM,DELA.3.120.LIVE.<2MM,live,<=2mm,0.1321,13.21,66.05,20211221T002158Z,RELEASE-2022
859e9516-7782-4f88-84ac-dd230b9a8307,MEGAPT100969,2013-04-29,DELA.3.0,DELA.3.0.LIVE.>2MM,DELA.3.0.LIVE.>2MM,live,>2mm,1.7692,264.51,2645.12,20211221T002158Z,RELEASE-2022
8394faf8-3f77-4878-a3d4-b5df6ee89db0,MEGAPT100969,2013-04-29,DELA.2.90,DELA.2.90.LIVE.<2MM,DELA.2.90.LIVE.<2MM,live,<=2mm,0.024,2.4,24,20211221T002158Z,RELEASE-2022
1a1e1c18-bf56-4ba3-9e76-6483f9109673,MEGAPT100969,2013-04-29,DELA.3.0,DELA.3.0.LIVE.<2MM,DELA.3.0.LIVE.<2MM,live,<=2mm,1.1187,167.26,1672.56,20211221T002158Z,RELEASE-2022
736eefdb-63dc-4bba-8015-db2acb4a4d11,MEGAPT100969,2013-04-29,DELA.3.140,DELA.3.140.LIVE.<2MM,DELA.3.140.LIVE.<2MM,live,<=2mm,0.0719,7.19,35.95,20211221T002158Z,RELEASE-2022
33622123-205f-4b46-8eed-a8d3dfc1bb5f,MEGAPT100969,2013-04-29,DELA.3.100,DELA.3.100.LIVE.<2MM,DELA.3.100.LIVE.<2MM,live,<=2mm,0.318,31.8,159,20211221T002158Z,RELEASE-2022
e1ea19da-2474-491c-bb6c-f8ec271f28ec,MEGAPT100969,2013-04-29,DELA.3.40,DELA.3.40.LIVE.>2MM,DELA.3.40.LIVE.>2MM,live,>2mm,3.4775,347.75,3477.5,20211221T002158Z,RELEASE-2022
ff789b33-4d6c-4d8f-991a-9d7c1cb99805,MEGAPT100969,2013-04-29,DELA.2.70,DELA.2.70.LIVE.<2MM,DELA.2.70.LIVE.<2MM,live,<=2mm,0.0723,7.23,72.3,20211221T002158Z,RELEASE-2022
87ede227-34aa-458d-bf49-de9f0704d3a7,MEGAPT100969,2013-04-29,DELA.2.60,DELA.2.60.LIVE.<2MM,DELA.2.60.LIVE.<2MM,live,<=2mm,0.396,39.6,396,20211221T002158Z,RELEASE-2022
34eba6ce-d95d-45ca-baf6-6b816b002f5d,MEGAPT100969,2013-04-29,DELA.3.30,DELA.3.30.LIVE.>2MM,DELA.3.30.LIVE.>2MM,live,>2mm,0.4785,36.25,362.5,20211221T002158Z,RELEASE-2022
1966a146-2eba-43ea-a59a-3c91a115c901,MEGAPT100969,2013-04-29,DELA.3.60,DELA.3.60.LIVE.>2MM,DELA.3.60.LIVE.>2MM,live,>2mm,0.9456,78.8,788,20211221T002158Z,RELEASE-2022
f3c7e29a-cf18-40d6-805a-ab3c9a3388f1,MEGAPT100969,2013-04-29,DELA.2.10,DELA.2.10.LIVE.<2MM,DELA.2.10.LIVE.<2MM,live,<=2mm,1.1935,119.35,1193.5,20211221T002158Z,RELEASE-2022
4e80346a-da71-4c1a-b204-eeb20b10bbef,MEGAPT100969,2013-04-29,DELA.1.30,DELA.1.30.LIVE.<2MM,DELA.1.30.LIVE.<2MM,live,<=2mm,0.0972,15.47,154.7,20211221T002158Z,RELEASE-2022
fab1933c-9389-4bdf-bdb4-a393f463155f,MEGAPT100969,2013-04-29,DELA.2.140,DELA.2.140.LIVE.<2MM,"",live,<=2mm,0.0046,0.46,2.3,20211221T002158Z,RELEASE-2022
36f51a60-4f72-449e-9817-e7a8f708b0bd,MEGAPT100969,2013-04-29,DELA.1.70,DELA.1.70.LIVE.<2MM,DELA.1.70.LIVE.<2MM,live,<=2mm,0.3402,34.02,340.2,20211221T002158Z,RELEASE-2022
38c9944a-159d-4891-8318-8b3115b9061c,MEGAPT100969,2013-04-29,DELA.2.40,DELA.2.40.LIVE.<2MM,DELA.2.40.LIVE.<2MM,live,<=2mm,0.4701,47.01,470.1,20211221T002158Z,RELEASE-2022
590be65a-657b-490e-b467-a0e1116ec287,MEGAPT100969,2013-04-29,DELA.2.120,DELA.2.120.LIVE.<2MM,DELA.2.120.LIVE.<2MM,live,<=2mm,0.2654,26.54,132.7,20211221T002158Z,RELEASE-2022
3e12ec29-caf7-4ff9-b347-cc8c043e6b4d,MEGAPT100969,2013-04-29,DELA.1.50,DELA.1.50.LIVE.<2MM,"",live,<=2mm,0.0157,1.57,15.7,20211221T002158Z,RELEASE-2022
1aae5a6d-8cd5-48d6-a57e-acd02c3d4928,MEGAPT100969,2013-04-29,DELA.1.40,DELA.1.40.LIVE.<2MM,DELA.1.40.LIVE.<2MM,live,<=2mm,0.3095,30.95,309.5,20211221T002158Z,RELEASE-2022
64d4900d-afd2-4605-88a7-2e64fd71624e,MEGAPT100969,2013-04-29,DELA.2.20,DELA.2.20.LIVE.<2MM,DELA.2.20.LIVE.<2MM,live,<=2mm,1.0287,102.87,1028.7,20211221T002158Z,RELEASE-2022
0d49b059-c843-4500-869f-af67b933f5d4,MEGAPT100969,2013-04-29,DELA.1.10,DELA.1.10.LIVE.<2MM,DELA.1.10.LIVE.<2MM,live,<=2mm,0.3764,61.9,619.03,20211221T002158Z,RELEASE-2022
bbdf5b08-ec41-4eef-bfed-94e0b2a62cf8,MEGAPT100969,2013-04-29,DELA.1.90,DELA.1.90.LIVE.<2MM,DELA.1.90.LIVE.<2MM,live,<=2mm,1.2743,127.43,1274.3,20211221T002158Z,RELEASE-2022
4acff76b-6523-4c3a-980d-567f90847465,MEGAPT100969,2013-04-29,DELA.1.0,DELA.1.0.LIVE.<2MM,DELA.1.0.LIVE.<2MM,live,<=2mm,0.969,149.4,1494.02,20211221T002158Z,RELEASE-2022
6bf6ea62-2af0-4855-9bc1-019ba41dbbab,MEGAPT100969,2013-04-29,DELA.1.100,DELA.1.100.LIVE.>2MM,DELA.1.100.LIVE.>2MM,live,>2mm,0.5504,55.04,275.2,20211221T002158Z,RELEASE-2022
e17058a8-8ecd-4df2-bbd9-811b1ae3d084,MEGAPT100969,2013-04-29,DELA.1.120,DELA.1.120.LIVE.<2MM,DELA.1.120.LIVE.<2MM,live,<=2mm,0.4448,44.48,222.4,20211221T002158Z,RELEASE-2022
13cc32a3-ea81-444f-8835-6ba55de041fd,MEGAPT100969,2013-04-29,DELA.1.60,DELA.1.60.LIVE.<2MM,DELA.1.60.LIVE.<2MM,live,<=2mm,0.0394,3.94,39.4,20211221T002158Z,RELEASE-2022
ff54c5d4-0a01-4c4a-afe0-2c099988223e,MEGAPT100969,2013-04-29,DELA.1.100,DELA.1.100.LIVE.<2MM,DELA.1.100.LIVE.<2MM,live,<=2mm,0.9834,98.34,491.7,20211221T002158Z,RELEASE-2022
f4295de9-be1f-45db-86a9-3af4cb859e64,MEGAPT100969,2013-04-29,DELA.1.20,DELA.1.20.LIVE.<2MM,DELA.1.20.LIVE.<2MM,live,<=2mm,0.1327,21.12,211.2,20211221T002158Z,RELEASE-2022
8d8dbac1-8747-40ac-bac0-31229434a795,MEGAPT100969,2013-04-29,DELA.1.80,DELA.1.80.LIVE.<2MM,DELA.1.80.LIVE.<2MM,live,<=2mm,0.4442,44.42,444.2,20211221T002158Z,RELEASE-2022
ea572e70-0952-4382-886e-eea6170ffbe6,MEGAPT100969,2013-04-29,DELA.1.40,DELA.1.40.LIVE.>2MM,DELA.1.40.LIVE.>2MM,live,>2mm,1.7764,177.64,1776.4,20211221T002158Z,RELEASE-2022
b9f4440e-8005-4a41-b8f4-adfa03f85ef2,MEGAPT100969,2013-04-29,DELA.2.30,DELA.2.30.LIVE.<2MM,DELA.2.30.LIVE.<2MM,live,<=2mm,0.4694,46.94,469.4,20211221T002158Z,RELEASE-2022
e8c90e15-1442-4b6b-a630-ab1a274d4a04,MEGAPT100969,2013-04-29,DELA.2.0,DELA.2.0.LIVE.<2MM,DELA.2.0.LIVE.<2MM,live,<=2mm,0.9602,155.33,1553.26,20211221T002158Z,RELEASE-2022
7db5a5a9-39eb-48a9-bc13-2dff6b8d723a,MEGAPT100969,2013-04-29,DELA.1.0,DELA.1.0.LIVE.>2MM,DELA.1.0.LIVE.>2MM,live,>2mm,0.2967,45.75,457.46,20211221T002158Z,RELEASE-2022
87d41b9d-cd68-4136-aa2c-7025d01b859c,MEGAPT100969,2013-04-29,DELA.1.10,DELA.1.10.LIVE.>2MM,DELA.1.10.LIVE.>2MM,live,>2mm,0.6139,100.96,1009.62,20211221T002158Z,RELEASE-2022
2f432fed-8d82-426e-a599-2bb0b14fee33,MEGAPT100969,2013-04-29,DELA.2.100,DELA.2.100.LIVE.<2MM,DELA.2.100.LIVE.<2MM,live,<=2mm,0.0471,4.71,23.55,20211221T002158Z,RELEASE-2022
e283cb58-94d9-441e-a965-3f70c6e8a119,MEGAPT100980,2015-03-16,LENO.3.90,LENO.3.90.DEAD.<4MM,LENO.3.90.DEAD.<4MM,dead,<=4mm,0.247,24.7,247,20211222T034710Z,RELEASE-2022
ac9e9054-7b8b-4623-81df-3e06ff727769,MEGAPT100980,2015-03-16,LENO.3.60,LENO.3.60.LIVE.<4MM,LENO.3.60.LIVE.<4MM,live,<=4mm,0.066,6.6,66,20211222T034710Z,RELEASE-2022
1627a819-1789-4178-8477-47899dc36433,MEGAPT100980,2015-03-16,LENO.3.120,LENO.3.120.LIVE.<4MM,LENO.3.120.LIVE.<4MM,live,<=4mm,0.0319,3.19,15.95,20211222T034710Z,RELEASE-2022
3e67ca6e-61d4-48cd-86af-686fdca7a8ab,MEGAPT100980,2015-03-16,LENO.3.50,LENO.3.50.LIVE.<4MM,LENO.3.50.LIVE.<4MM,live,<=4mm,0.1662,16.62,166.2,20211222T034710Z,RELEASE-2022
4f946f0d-6173-4459-ac98-dc618ac40a46,MEGAPT100980,2015-03-16,LENO.3.80,LENO.3.80.LIVE.<4MM,LENO.3.80.LIVE.<4MM,live,<=4mm,0.3414,28.45,284.5,20211222T034710Z,RELEASE-2022
75363077-5eec-4868-9ba2-6834f0cd5224,MEGAPT100980,2015-03-16,LENO.3.0,LENO.3.0.LIVE.<4MM,LENO.3.0.LIVE.<4MM,live,<=4mm,1.3284,132.84,1328.4,20211222T034710Z,RELEASE-2022
0995b62a-a7d4-4d0b-b8f3-4587be9b131a,MEGAPT100980,2015-03-16,LENO.3.160,LENO.3.160.LIVE.<4MM,LENO.3.160.LIVE.<4MM,live,<=4mm,0.066,6.6,33,20211222T034710Z,RELEASE-2022
42a67c98-f16a-4540-86e8-0aaadeaaacc5,MEGAPT100980,2015-03-16,LENO.3.10,LENO.3.10.LIVE.<4MM,LENO.3.10.LIVE.<4MM,live,<=4mm,1.4941,83.01,830.06,20211222T034710Z,RELEASE-2022
88816ccd-06e5-4279-89c3-8e545df9bfb4,MEGAPT100980,2015-03-16,LENO.3.40,LENO.3.40.LIVE.<4MM,LENO.3.40.LIVE.<4MM,live,<=4mm,0.2723,27.23,272.3,20211222T034710Z,RELEASE-2022
8493e882-696d-4be3-aa47-be6537f1fdce,MEGAPT100980,2015-03-16,LENO.3.90,LENO.3.90.LIVE.<4MM,LENO.3.90.LIVE.<4MM,live,<=4mm,0.5984,59.84,598.4,20211222T034710Z,RELEASE-2022
d53feb0a-b76a-46c2-8960-9ffa656d4d15,MEGAPT100980,2015-03-16,LENO.3.30,LENO.3.30.LIVE.<4MM,LENO.3.30.LIVE.<4MM,live,<=4mm,0.4376,43.76,437.6,20211222T034710Z,RELEASE-2022
e4e0b7be-1714-45c2-a8cf-43f2c1e698b0,MEGAPT100980,2015-03-16,LENO.3.100,LENO.3.100.LIVE.<4MM,LENO.3.100.LIVE.<4MM,live,<=4mm,0.1043,10.43,52.15,20211222T034710Z,RELEASE-2022
f96b2f85-597a-4cec-88c5-0bc4b242fcee,MEGAPT100980,2015-03-16,LENO.3.140,LENO.3.140.LIVE.<4MM,LENO.3.140.LIVE.<4MM,live,<=4mm,0.1038,10.38,51.9,20211222T034710Z,RELEASE-2022
8d2b196a-b6aa-4c03-9a28-32f46dbcf099,MEGAPT100980,2015-03-16,LENO.3.20,LENO.3.20.LIVE.<4MM,LENO.3.20.LIVE.<4MM,live,<=4mm,1.8042,120.28,1202.8,20211222T034710Z,RELEASE-2022
fe42774d-1e3c-41db-abdb-d4aa8343f786,MEGAPT100980,2015-03-16,LENO.3.70,LENO.3.70.LIVE.<4MM,LENO.3.70.LIVE.<4MM,live,<=4mm,0.1873,18.73,187.3,20211222T034710Z,RELEASE-2022
443a4b30-fd6a-4eff-b20f-8bc5879f76ac,MEGAPT100980,2015-03-16,LENO.2.160,LENO.2.160.LIVE.<4MM,LENO.2.160.LIVE.<4MM,live,<=4mm,0.0592,5.92,29.6,20211222T034710Z,RELEASE-2022
efb09761-4068-4863-9abc-226241ed7657,MEGAPT100980,2015-03-16,LENO.2.90,LENO.2.90.LIVE.<4MM,LENO.2.90.LIVE.<4MM,live,<=4mm,0.0726,7.26,72.6,20211222T034710Z,RELEASE-2022
e1a47232-a53d-4d7f-a056-e62a641c3579,MEGAPT100980,2015-03-16,LENO.1.60,LENO.1.60.LIVE.<4MM,LENO.1.60.LIVE.<4MM,live,<=4mm,0.1244,17.77,177.71,20211222T034710Z,RELEASE-2022
9ea2370d-35c8-4b5e-9630-a975e26e5bab,MEGAPT100980,2015-03-16,LENO.2.30,LENO.2.30.LIVE.<4MM,LENO.2.30.LIVE.<4MM,live,<=4mm,0.0324,2.95,29.45,20211222T034710Z,RELEASE-2022
e7eeee16-657c-4d3d-b10f-648618cbdbd0,MEGAPT100980,2015-03-16,LENO.2.100,LENO.2.100.DEAD.<4MM,"",dead,<=4mm,0.0042,0.42,2.1,20211222T034710Z,RELEASE-2022
55dda65e-d4f9-4c6f-867f-c329ae5175b5,MEGAPT100980,2015-03-16,LENO.2.40,LENO.2.40.DEAD.<4MM,LENO.2.40.DEAD.<4MM,dead,<=4mm,0.0532,5.32,53.2,20211222T034710Z,RELEASE-2022
09a1faa6-982b-452e-9143-4628d16eebaa,MEGAPT100980,2015-03-16,LENO.2.100,LENO.2.100.LIVE.<4MM,LENO.2.100.LIVE.<4MM,live,<=4mm,0.1076,10.76,53.8,20211222T034710Z,RELEASE-2022
b456ee6d-25e4-4d45-85ca-f4b062743b71,MEGAPT100980,2015-03-16,LENO.2.30,LENO.2.30.DEAD.<4MM,LENO.2.30.DEAD.<4MM,dead,<=4mm,0.5159,46.9,469,20211222T034710Z,RELEASE-2022
30de48be-dee4-474c-a136-9b611d3808f6,MEGAPT100980,2015-03-16,LENO.2.80,LENO.2.80.LIVE.<4MM,LENO.2.80.LIVE.<4MM,live,<=4mm,0.271,27.1,271,20211222T034710Z,RELEASE-2022
58aac5df-6bb2-4827-93ed-e1c92a3504c5,MEGAPT100980,2015-03-16,LENO.1.180,LENO.1.180.LIVE.<4MM,LENO.1.180.LIVE.<4MM,live,<=4mm,0.0218,2.18,10.9,20211222T034710Z,RELEASE-2022
fa2968ee-630f-44e2-8f8a-d9dc6ef32f39,MEGAPT100980,2015-03-16,LENO.3.90,LENO.3.90.LIVE.>4MM,LENO.3.90.LIVE.>4MM,live,>4mm,1.4687,146.87,1468.7,20211222T034710Z,RELEASE-2022
8272a2aa-2433-4e38-b7bb-528ecbf20194,MEGAPT100980,2015-03-16,LENO.1.70,LENO.1.70.LIVE.<4MM,LENO.1.70.LIVE.<4MM,live,<=4mm,0.0941,8.55,85.55,20211222T034710Z,RELEASE-2022
1a0ca446-5214-4b7d-aff1-891ef2148e80,MEGAPT100980,2015-03-16,LENO.3.10,LENO.3.10.DEAD.<4MM,LENO.3.10.DEAD.<4MM,dead,<=4mm,0.3011,16.73,167.28,20211222T034710Z,RELEASE-2022
5b6c9daa-58e2-4a24-9516-298807297675,MEGAPT100980,2015-03-16,LENO.2.40,LENO.2.40.LIVE.>4MM,LENO.2.40.LIVE.>4MM,live,>4mm,33.5686,3356.86,33568.6,20211222T034710Z,RELEASE-2022
3aa4e5ef-fd05-4ab9-a2e0-5e134e470949,MEGAPT100980,2015-03-16,LENO.2.50,LENO.2.50.DEAD.<4MM,"",dead,<=4mm,0.004,0.4,4,20211222T034710Z,RELEASE-2022
645641e5-a498-4643-8e30-65f9bf523efb,MEGAPT100980,2015-03-16,LENO.1.160,LENO.1.160.LIVE.<4MM,LENO.1.160.LIVE.<4MM,live,<=4mm,0.1672,16.72,83.6,20211222T034710Z,RELEASE-2022
af2070e7-9180-487b-adbc-befec5df8f4f,MEGAPT100980,2015-03-16,LENO.3.10,LENO.3.10.LIVE.>4MM,LENO.3.10.LIVE.>4MM,live,>4mm,6.357,353.17,3531.67,20211222T034710Z,RELEASE-2022
4bdd94b9-beb2-42b9-b7b9-20bafa5a2bf3,MEGAPT100980,2015-03-16,LENO.2.180,LENO.2.180.LIVE.>4MM,LENO.2.180.LIVE.>4MM,live,>4mm,1.5477,154.77,773.85,20211222T034710Z,RELEASE-2022
88d0274b-3c41-4915-9954-063044210cbc,MEGAPT100980,2015-03-16,LENO.1.40,LENO.1.40.LIVE.<4MM,LENO.1.40.LIVE.<4MM,live,<=4mm,0.1601,16.01,160.1,20211222T034710Z,RELEASE-2022
fb9364c7-17ef-450f-8fee-f3f60f39a694,MEGAPT100980,2015-03-16,LENO.2.120,LENO.2.120.LIVE.<4MM,"",live,<=4mm,0.019,1.9,9.5,20211222T034710Z,RELEASE-2022
71daa631-5e58-4b35-8302-d193ee6619cd,MEGAPT100980,2015-03-16,LENO.2.0,LENO.2.0.DEAD.<4MM,LENO.2.0.DEAD.<4MM,dead,<=4mm,0.3159,26.33,263.25,20211222T034710Z,RELEASE-2022
0d71b4bf-6968-4373-8cd3-4b4ccdd81fd7,MEGAPT100980,2015-03-16,LENO.3.30,LENO.3.30.LIVE.>4MM,LENO.3.30.LIVE.>4MM,live,>4mm,18.4408,1844.08,18440.8,20211222T034710Z,RELEASE-2022
a7e50812-53f1-4f94-9dee-402385f3bb2a,MEGAPT100980,2015-03-16,LENO.2.20,LENO.2.20.LIVE.<4MM,LENO.2.20.LIVE.<4MM,live,<=4mm,0.5412,44.73,447.27,20211222T034710Z,RELEASE-2022
5c591449-1a27-43ba-b750-c7b5f1cec70e,MEGAPT100980,2015-03-16,LENO.2.10,LENO.2.10.LIVE.>4MM,LENO.2.10.LIVE.>4MM,live,>4mm,1.0798,98.16,981.64,20211222T034710Z,RELEASE-2022
adf517b1-9917-4c3b-b0c6-98f84101f7c6,MEGAPT100980,2015-03-16,LENO.3.30,LENO.3.30.DEAD.>4MM,LENO.3.30.DEAD.>4MM,dead,>4mm,0.5441,54.41,544.1,20211222T034710Z,RELEASE-2022
29e517fe-d60b-44ee-a7a2-1bd8e8ce5003,MEGAPT100980,2015-03-16,LENO.2.20,LENO.2.20.DEAD.<4MM,LENO.2.20.DEAD.<4MM,dead,<=4mm,0.0406,3.36,33.55,20211222T034710Z,RELEASE-2022
1950f7cd-b876-4ec8-bb08-799b849e04c9,MEGAPT100980,2015-03-16,LENO.3.70,LENO.3.70.LIVE.>4MM,LENO.3.70.LIVE.>4MM,live,>4mm,3.007,300.7,3007,20211222T034710Z,RELEASE-2022
977fa36f-4ad9-4553-948d-86c5339793ee,MEGAPT100980,2015-03-16,LENO.3.0,LENO.3.0.DEAD.<4MM,LENO.3.0.DEAD.<4MM,dead,<=4mm,0.3072,30.72,307.2,20211222T034710Z,RELEASE-2022
4872a61f-d36d-4c23-85f4-bf9e214ebc83,MEGAPT100980,2015-03-16,LENO.3.100,LENO.3.100.LIVE.>4MM,LENO.3.100.LIVE.>4MM,live,>4mm,0.3261,32.61,163.05,20211222T034710Z,RELEASE-2022
794e36b5-81ea-4079-a98b-ce49a558ad1e,MEGAPT100980,2015-03-16,LENO.2.180,LENO.2.180.LIVE.<4MM,LENO.2.180.LIVE.<4MM,live,<=4mm,0.1278,12.78,63.9,20211222T034710Z,RELEASE-2022
b9012268-78db-477b-b9aa-6f7ba7f3768d,MEGAPT100980,2015-03-16,LENO.3.50,LENO.3.50.LIVE.>4MM,LENO.3.50.LIVE.>4MM,live,>4mm,0.6622,66.22,662.2,20211222T034710Z,RELEASE-2022
a48f27b6-ba53-4204-b9c4-978c4886911b,MEGAPT100980,2015-03-16,LENO.1.30,LENO.1.30.LIVE.<4MM,LENO.1.30.LIVE.<4MM,live,<=4mm,0.1929,19.29,192.9,20211222T034710Z,RELEASE-2022
5bb5fa6b-471e-4377-a9ff-b882ef74b05b,MEGAPT100980,2015-03-16,LENO.2.0,LENO.2.0.LIVE.>4MM,LENO.2.0.LIVE.>4MM,live,>4mm,14.7885,1232.38,12323.8,20211222T034710Z,RELEASE-2022
04734ee8-a032-4023-a790-03487f3d875d,MEGAPT100980,2015-03-16,LENO.3.0,LENO.3.0.LIVE.>4MM,LENO.3.0.LIVE.>4MM,live,>4mm,3.4926,349.26,3492.6,20211222T034710Z,RELEASE-2022
a1bb4057-98df-4911-be73-a94130c91a14,MEGAPT100980,2015-03-16,LENO.1.80,LENO.1.80.LIVE.<4MM,LENO.1.80.LIVE.<4MM,live,<=4mm,0.2465,24.65,246.5,20211222T034710Z,RELEASE-2022
ae1e20df-78f4-4d9c-b4ab-fbc804a54dcc,MEGAPT100980,2015-03-16,LENO.1.50,LENO.1.50.LIVE.<4MM,LENO.1.50.LIVE.<4MM,live,<=4mm,0.1696,16.96,169.6,20211222T034710Z,RELEASE-2022
e25b6b50-7962-40ac-ae87-e95b93cc9ead,MEGAPT100980,2015-03-16,LENO.2.40,LENO.2.40.LIVE.<4MM,LENO.2.40.LIVE.<4MM,live,<=4mm,0.1145,11.45,114.5,20211222T034710Z,RELEASE-2022
ed753859-5acf-4768-b7d2-972eca22b6c8,MEGAPT100980,2015-03-16,LENO.1.90,LENO.1.90.LIVE.<4MM,LENO.1.90.LIVE.<4MM,live,<=4mm,0.1823,18.23,182.3,20211222T034710Z,RELEASE-2022
738ade7d-56e8-4919-9b2d-7265ae4181b8,MEGAPT100980,2015-03-16,LENO.3.20,LENO.3.20.LIVE.>4MM,LENO.3.20.LIVE.>4MM,live,>4mm,17.2454,1149.69,11496.9,20211222T034710Z,RELEASE-2022
a6fbef95-6bd6-4b5b-9faf-24401d0f114f,MEGAPT100980,2015-03-16,LENO.2.10,LENO.2.10.LIVE.<4MM,LENO.2.10.LIVE.<4MM,live,<=4mm,1.5708,142.8,1428,20211222T034710Z,RELEASE-2022
199c529b-0206-4f46-9400-7cfef67a060b,MEGAPT100980,2015-03-16,LENO.3.40,LENO.3.40.LIVE.>4MM,LENO.3.40.LIVE.>4MM,live,>4mm,47.7488,4774.88,47748.8,20211222T034710Z,RELEASE-2022
34c1f592-cb75-413f-a1df-d32e5735afba,MEGAPT100980,2015-03-16,LENO.2.0,LENO.2.0.LIVE.<4MM,LENO.2.0.LIVE.<4MM,live,<=4mm,5.4002,450.02,4500.17,20211222T034710Z,RELEASE-2022
a18378a0-8901-47de-9ef6-cc7c882377b1,MEGAPT100980,2015-03-16,LENO.3.20,LENO.3.20.DEAD.<4MM,"",dead,<=4mm,0.0133,0.89,8.87,20211222T034710Z,RELEASE-2022
e9409c84-64b1-488d-9c1d-42e7650e1be8,MEGAPT100980,2015-03-16,LENO.1.20,LENO.1.20.LIVE.<4MM,LENO.1.20.LIVE.<4MM,live,<=4mm,0.7319,81.32,813.22,20211222T034710Z,RELEASE-2022
c5ffb66c-b78f-4918-8d8a-844b51d5b950,MEGAPT100980,2015-03-16,LENO.3.80,LENO.3.80.LIVE.>4MM,LENO.3.80.LIVE.>4MM,live,>4mm,3.3973,283.11,2831.08,20211222T034710Z,RELEASE-2022
f77932b0-9af5-451c-a356-beebe67f0b0d,MEGAPT100980,2015-03-16,LENO.2.50,LENO.2.50.LIVE.<4MM,LENO.2.50.LIVE.<4MM,live,<=4mm,0.4402,44.02,440.2,20211222T034710Z,RELEASE-2022
6c3e45ae-100b-4d34-b9af-3d32938d270b,MEGAPT100980,2015-03-16,LENO.2.60,LENO.2.60.LIVE.<4MM,LENO.2.60.LIVE.<4MM,live,<=4mm,0.5108,51.08,510.8,20211222T034710Z,RELEASE-2022
98841a5c-a176-46f7-9ac5-204d4e7a01f4,MEGAPT100980,2015-03-16,LENO.3.30,LENO.3.30.DEAD.<4MM,LENO.3.30.DEAD.<4MM,dead,<=4mm,0.2033,20.33,203.3,20211222T034710Z,RELEASE-2022
18acd5b7-0ef4-4822-880d-62efeec0b087,MEGAPT100980,2015-03-16,LENO.2.80,LENO.2.80.DEAD.<4MM,LENO.2.80.DEAD.<4MM,dead,<=4mm,0.112,11.2,112,20211222T034710Z,RELEASE-2022
4cccfeca-18cf-43fa-abd9-458dc4115f6f,MEGAPT100980,2015-03-16,LENO.2.70,LENO.2.70.LIVE.<4MM,LENO.2.70.LIVE.<4MM,live,<=4mm,0.4522,45.22,452.2,20211222T034710Z,RELEASE-2022
bbe1b85d-710c-48b5-855e-9d7a84778d42,MEGAPT100980,2015-03-16,LENO.1.140,LENO.1.140.LIVE.<4MM,LENO.1.140.LIVE.<4MM,live,<=4mm,0.467,46.7,233.5,20211222T034710Z,RELEASE-2022
f5ad2778-f212-40fb-b0b7-3e29f8de80cb,MEGAPT100980,2015-03-16,LENO.1.120,LENO.1.120.LIVE.<4MM,LENO.1.120.LIVE.<4MM,live,<=4mm,0.394,39.4,197,20211222T034710Z,RELEASE-2022
bdd9bf28-6cd9-4c73-89cd-d71a296e6d49,MEGAPT100980,2015-03-16,LENO.1.10,LENO.1.10.LIVE.<4MM,LENO.1.10.LIVE.<4MM,live,<=4mm,2.85,285,2850,20211222T034710Z,RELEASE-2022
a222c6d0-a394-4f81-83c1-893e70587e33,MEGAPT100980,2015-03-16,LENO.1.20,LENO.1.20.DEAD.<4MM,LENO.1.20.DEAD.<4MM,dead,<=4mm,0.0332,3.69,36.89,20211222T034710Z,RELEASE-2022
e780df67-cad0-42b9-8a14-ef1d3984249e,MEGAPT100980,2015-03-16,LENO.1.0,LENO.1.0.DEAD.<4MM,LENO.1.0.DEAD.<4MM,dead,<=4mm,0.2726,27.26,272.6,20211222T034710Z,RELEASE-2022
ea182593-d07f-4106-b3fc-7446a34cd613,MEGAPT100980,2015-03-16,LENO.1.30,LENO.1.30.DEAD.<4MM,"",dead,<=4mm,0.0177,1.77,17.7,20211222T034710Z,RELEASE-2022
c93dd6d6-af33-4739-980b-be62f6b701b7,MEGAPT100980,2015-03-16,LENO.1.100,LENO.1.100.LIVE.<4MM,LENO.1.100.LIVE.<4MM,live,<=4mm,0.2165,21.65,108.25,20211222T034710Z,RELEASE-2022
99688083-42dd-47ee-854c-6e64bf2b2b3c,MEGAPT100980,2015-03-16,LENO.1.20,LENO.1.20.LIVE.>4MM,LENO.1.20.LIVE.>4MM,live,>4mm,0.7761,86.23,862.33,20211222T034710Z,RELEASE-2022
4876b8c2-5f47-4922-a5ba-087b27125185,MEGAPT100980,2015-03-16,LENO.1.10,LENO.1.10.DEAD.<4MM,LENO.1.10.DEAD.<4MM,dead,<=4mm,0.1609,16.09,160.9,20211222T034710Z,RELEASE-2022
c1e1adde-1e9b-4f46-885d-e3c0a6bb5161,MEGAPT100980,2015-03-16,LENO.1.70,LENO.1.70.LIVE.>4MM,LENO.1.70.LIVE.>4MM,live,>4mm,0.2762,25.11,251.09,20211222T034710Z,RELEASE-2022
84824f2d-d6cf-4ab4-ac9e-7fec7a50dacf,MEGAPT100980,2015-03-16,LENO.1.0,LENO.1.0.LIVE.>4MM,LENO.1.0.LIVE.>4MM,live,>4mm,8.6799,867.99,8679.9,20211222T034710Z,RELEASE-2022
e281b0ed-9b5d-43a6-b67c-df2973ec1614,MEGAPT100980,2015-03-16,LENO.1.50,LENO.1.50.DEAD.<4MM,"",dead,<=4mm,0.0079,0.79,7.9,20211222T034710Z,RELEASE-2022
c420dfbb-a59e-4257-82ec-d0884f49baee,MEGAPT100980,2015-03-16,LENO.1.40,LENO.1.40.DEAD.<4MM,LENO.1.40.DEAD.<4MM,dead,<=4mm,0.0244,2.44,24.4,20211222T034710Z,RELEASE-2022
4c205a84-baa7-488c-a31c-ae3e36f53cad,MEGAPT100980,2015-03-16,LENO.1.0,LENO.1.0.LIVE.<4MM,LENO.1.0.LIVE.<4MM,live,<=4mm,4.6272,462.72,4627.2,20211222T034710Z,RELEASE-2022
be5e477c-8bc7-40e0-ba93-eb68cddf4570,MEGAPT100980,2015-03-16,LENO.1.60,LENO.1.60.LIVE.>4MM,LENO.1.60.LIVE.>4MM,live,>4mm,0.5915,84.5,845,20211222T034710Z,RELEASE-2022
