uid,pitNamedLocation,endDate,pitProfileID,depthIncrementID,topDepth,bottomDepth,depthIncrementVolume,sampleMethod,remarks,publicationDate,release
3c50f4b5-f964-4790-b120-a0c89194c481,MEGAPT100963,2013-08-19,BART.2,BART.2.30,30,40,0.001,sk,translocated to the right to avoid very large rock,20211220T233412Z,RELEASE-2022
443d1a89-8418-498f-816e-034b599bf465,MEGAPT100963,2013-08-19,BART.3,BART.3.50,50,60,0.001,sk,"",20211220T233412Z,RELEASE-2022
f3714ef2-e657-40e7-ae12-53574499398f,MEGAPT100963,2013-08-19,BART.2,BART.2.80,80,90,0.000941,sk,"",20211220T233412Z,RELEASE-2022
c204cce9-f98c-4910-a594-5abe032f1669,MEGAPT100963,2013-08-19,BART.1,BART.1.90,90,100,0.001,sk,"",20211220T233412Z,RELEASE-2022
f8c2bb32-bc03-4dc1-91f8-f888930aa42a,MEGAPT100963,2013-08-19,BART.2,BART.2.20,20,30,0.00045,sk,"",20211220T233412Z,RELEASE-2022
2d33f14a-d977-419d-8e4b-01c0f4f034af,MEGAPT100963,2013-08-19,BART.2,BART.2.120,120,140,0.0022,sk,"",20211220T233412Z,RELEASE-2022
ea9d5f8b-6fee-4aa0-a297-f8a65e739828,MEGAPT100963,2013-08-19,BART.3,BART.3.40,40,50,0.0011,sk,"",20211220T233412Z,RELEASE-2022
ca2286aa-02bb-47e3-8471-6b6de55fb1f6,MEGAPT100963,2013-08-19,BART.3,BART.3.10,10,20,0.00187,sk,"",20211220T233412Z,RELEASE-2022
10a68080-91e2-41d1-8b9f-155b2a8462f0,MEGAPT100963,2013-08-19,BART.3,BART.3.30,30,40,0.0011,sk,"",20211220T233412Z,RELEASE-2022
45fc4c59-a8e0-4331-9fd0-39472c25d28e,MEGAPT100963,2013-08-19,BART.1,BART.1.140,140,160,0.002,sk,"",20211220T233412Z,RELEASE-2022
3515e395-40be-4491-adb2-7b746d913072,MEGAPT100963,2013-08-19,BART.3,BART.3.70,70,80,0.00105,sk,rock in middle of sample,20211220T233412Z,RELEASE-2022
c761b293-1eb4-4c92-ab43-05319139627b,MEGAPT100963,2013-08-19,BART.1,BART.1.80,80,90,0.0011,sk,"",20211220T233412Z,RELEASE-2022
10d6e8ce-2cac-42e4-8d71-5b1300966f44,MEGAPT100963,2013-08-19,BART.3,BART.3.100,100,120,0.0018,sk,"",20211220T233412Z,RELEASE-2022
e41ddf80-50bc-4ca9-a8e1-583402db6d9b,MEGAPT100963,2013-08-19,BART.1,BART.1.0,0,10,0.001,sk,"",20211220T233412Z,RELEASE-2022
3d5ea043-67d7-4f8d-bdf0-956aa3aa814e,MEGAPT100963,2013-08-19,BART.1,BART.1.70,70,80,0.001,sk,"",20211220T233412Z,RELEASE-2022
c98ddf57-4d2e-4d97-80d8-d36e252a5079,MEGAPT100963,2013-08-19,BART.2,BART.2.90,90,100,0.00108,sk,small amount from face adjacent to sample fell in to sample collection,20211220T233412Z,RELEASE-2022
f2ac6c12-4863-4fe6-8e5c-27974eda972f,MEGAPT100963,2013-08-19,BART.1,BART.1.100,100,120,0.0022,sk,"",20211220T233412Z,RELEASE-2022
72134570-cc32-4aef-b425-5533e84e2b21,MEGAPT100963,2013-08-19,BART.2,BART.2.40,40,50,0.0012,sk,"",20211220T233412Z,RELEASE-2022
ace1afed-2b08-4263-8962-a48b4ed372e3,MEGAPT100963,2013-08-19,BART.2,BART.2.140,140,160,0.002,sk,"",20211220T233412Z,RELEASE-2022
8456951c-52a9-4c08-8338-b761306ab198,MEGAPT100963,2013-08-19,BART.3,BART.3.90,90,100,0.0011,sk,"",20211220T233412Z,RELEASE-2022
f6bfd7df-f5bf-4862-9ab1-5e9262656adc,MEGAPT100963,2013-08-19,BART.2,BART.2.0,0,10,0.001,sk,"",20211220T233412Z,RELEASE-2022
8cd134f7-16fd-4a10-8730-c68e4316e897,MEGAPT100963,2013-08-19,BART.3,BART.3.0,0,10,0.00099,sk,"",20211220T233412Z,RELEASE-2022
26f4f21b-3914-4b03-9146-362903a80a37,MEGAPT100963,2013-08-19,BART.1,BART.1.30,30,40,9e-04,sk,"",20211220T233412Z,RELEASE-2022
df420d2e-b55a-4de7-85fb-6beac9bc7be3,MEGAPT100963,2013-08-19,BART.1,BART.1.40,40,50,0.001,sk,"",20211220T233412Z,RELEASE-2022
e7cd3c0d-b5cd-4b55-9ee9-95a5e8ad1aba,MEGAPT100963,2013-08-19,BART.1,BART.1.120,120,140,0.0022,sk,"",20211220T233412Z,RELEASE-2022
03aba771-f49a-4123-8eb3-75c555b2b523,MEGAPT100963,2013-08-19,BART.2,BART.2.60,60,70,0.0014,sk,"",20211220T233412Z,RELEASE-2022
9698b66f-4e86-49d1-b3f7-82002c21dc1d,MEGAPT100963,2013-08-19,BART.3,BART.3.140,140,160,0.002,sk,"",20211220T233412Z,RELEASE-2022
18671179-0cc0-459e-a481-93e73e2c1d88,MEGAPT100963,2013-08-19,BART.3,BART.3.120,120,140,0.002,sk,"",20211220T233412Z,RELEASE-2022
44f19849-bcfd-4989-9469-659a1154eaa6,MEGAPT100963,2013-08-19,BART.1,BART.1.60,60,70,0.00132,sk,"",20211220T233412Z,RELEASE-2022
6b6d460b-20c1-4223-ba23-7186aadc4070,MEGAPT100963,2013-08-19,BART.3,BART.3.60,60,70,0.001,sk,"",20211220T233412Z,RELEASE-2022
ba8458b0-b3b8-4b44-b7a9-73b9b5d8ac75,MEGAPT100963,2013-08-19,BART.1,BART.1.10,10,20,0.001,sk,"",20211220T233412Z,RELEASE-2022
92f93c6d-3ce4-4b48-ad59-424ea3a49ce6,MEGAPT100963,2013-08-19,BART.2,BART.2.50,50,60,0.00154,sk,"",20211220T233412Z,RELEASE-2022
8523dccf-db33-4b70-a725-2ef75905d7b4,MEGAPT100963,2013-08-19,BART.2,BART.2.70,70,80,0.001,sk,"",20211220T233412Z,RELEASE-2022
114bc0eb-46f6-4c7d-b7ae-b5e2b4179ac0,MEGAPT100963,2013-08-19,BART.1,BART.1.50,50,60,0.001,sk,"",20211220T233412Z,RELEASE-2022
2126188c-b1d3-4f71-8201-4b33a5181bdf,MEGAPT100963,2013-08-19,BART.1,BART.1.20,20,30,0.001,sk,"",20211220T233412Z,RELEASE-2022
9e6dccb0-cfbf-4512-82c9-1ac494b04774,MEGAPT100963,2013-08-19,BART.3,BART.3.80,80,90,0.00108,sk,"",20211220T233412Z,RELEASE-2022
35dace02-d930-4d7f-97fa-d0538047eb28,MEGAPT100963,2013-08-19,BART.3,BART.3.20,20,30,0.001,sk,"",20211220T233412Z,RELEASE-2022
86a5e9fd-1d8c-48cd-827e-f503e2ac7a8f,MEGAPT100963,2013-08-19,BART.2,BART.2.100,100,120,0.002,sk,"",20211220T233412Z,RELEASE-2022
38724679-7cbc-4e6d-af10-1d553964b0f4,MEGAPT100963,2013-08-19,BART.2,BART.2.10,10,20,0.001,sk,very large rock that spread far and prevented horizontal shift of sample,20211220T233412Z,RELEASE-2022
b23ce837-116b-48c3-9812-3f9ddc0eef06,MEGAPT100973,2012-07-17,HARV.1,HARV.1.70,70,80,0.000345,bdc,,20211221T000133Z,RELEASE-2022
0a98e0c5-bd1f-4e60-981b-61c0dcb2231e,MEGAPT100973,2012-07-17,HARV.1,HARV.1.120,120,130,0.000426,bdc,,20211221T000133Z,RELEASE-2022
6374522d-701f-4c0e-9df3-9fb11f088992,MEGAPT100973,2012-07-17,HARV.2,HARV.2.20,20,30,0.000547,bdc,,20211221T000133Z,RELEASE-2022
a1ba5115-36a9-4396-850f-0732bb309d47,MEGAPT100973,2012-07-17,HARV.3,HARV.3.20,20,30,0.000365,bdc,,20211221T000133Z,RELEASE-2022
9b58697e-967e-4639-ae28-2ff0869ca850,MEGAPT100973,2012-07-17,HARV.2,HARV.2.60,60,70,0.000507,bdc,,20211221T000133Z,RELEASE-2022
4f6df5d3-a311-4587-87ec-d32b76b8b87b,MEGAPT100973,2012-07-17,HARV.1,HARV.1.40,40,50,0.000284,bdc,,20211221T000133Z,RELEASE-2022
76becde4-5cf9-4163-a33d-9d64cdc4922d,MEGAPT100973,2012-07-17,HARV.2,HARV.2.0,0,10,0.000588,bdc,,20211221T000133Z,RELEASE-2022
1c2cdef8-22a4-46d7-97e2-e51678655b42,MEGAPT100973,2012-07-17,HARV.3,HARV.3.0,0,10,0.000527,bdc,,20211221T000133Z,RELEASE-2022
7e72dd42-85ec-4592-9d0f-b18395e850c3,MEGAPT100973,2012-07-17,HARV.2,HARV.2.30,30,40,0.000568,bdc,,20211221T000133Z,RELEASE-2022
612d3637-847a-44b8-af6a-b556e383acba,MEGAPT100973,2012-07-17,HARV.1,HARV.1.80,80,90,0.000588,bdc,,20211221T000133Z,RELEASE-2022
a52064d3-0df1-41f0-9bac-b24f955f250a,MEGAPT100973,2012-07-17,HARV.3,HARV.3.30,30,40,0.000608,bdc,,20211221T000133Z,RELEASE-2022
4efabf50-f0da-4fe0-bfde-87a6f4b0e82f,MEGAPT100973,2012-07-17,HARV.1,HARV.1.30,30,40,0.000486,bdc,,20211221T000133Z,RELEASE-2022
5be5f36e-d1d9-4885-8cdf-7b15a2e5c456,MEGAPT100973,2012-07-17,HARV.1,HARV.1.20,20,30,0.000101,bdc,,20211221T000133Z,RELEASE-2022
0b30f669-99fe-4abb-98f9-7c7d30554467,MEGAPT100973,2012-07-17,HARV.1,HARV.1.10,10,20,0.000203,bdc,,20211221T000133Z,RELEASE-2022
e68fbb3d-a3f0-425c-9ba5-e6b9d78c09ff,MEGAPT100973,2012-07-17,HARV.1,HARV.1.50,50,60,0.000223,bdc,,20211221T000133Z,RELEASE-2022
6a9fed9e-6469-485f-bc6b-9a7d7ad83ce5,MEGAPT100973,2012-07-17,HARV.2,HARV.2.40,40,50,0.000426,bdc,,20211221T000133Z,RELEASE-2022
8eb5a634-a97f-463a-be00-0d8bd2aac1db,MEGAPT100973,2012-07-17,HARV.2,HARV.2.70,70,80,0.000426,bdc,,20211221T000133Z,RELEASE-2022
15b93e0a-69f3-42f6-8d32-f0315ed1c84a,MEGAPT100973,2012-07-17,HARV.1,HARV.1.110,110,120,0.000608,bdc,,20211221T000133Z,RELEASE-2022
57c33358-ecc6-4045-a3c2-75a1fbcbd304,MEGAPT100973,2012-07-17,HARV.2,HARV.2.50,50,60,0.000405,bdc,,20211221T000133Z,RELEASE-2022
41e39063-359c-45fe-8f94-76a5a1648397,MEGAPT100973,2012-07-17,HARV.3,HARV.3.10,10,20,0.000507,bdc,,20211221T000133Z,RELEASE-2022
b325e645-67d0-4a4e-8817-6604656565a1,MEGAPT100973,2012-07-17,HARV.1,HARV.1.60,60,70,0.000426,bdc,,20211221T000133Z,RELEASE-2022
8924ca03-96e9-43b3-9be5-9ac000b74819,MEGAPT100973,2012-07-17,HARV.1,HARV.1.0,0,10,0.000588,bdc,,20211221T000133Z,RELEASE-2022
a2368082-7ab6-4347-bf5c-554cc3732684,MEGAPT100973,2012-07-17,HARV.3,HARV.3.40,40,50,0.000547,bdc,,20211221T000133Z,RELEASE-2022
15e391e2-f0f3-4634-9d55-0108c29dc0ab,MEGAPT100973,2012-07-17,HARV.2,HARV.2.10,10,20,0.000608,bdc,,20211221T000133Z,RELEASE-2022
444f97c4-fafe-44e0-8b52-e76eec364baa,MEGAPT100992,2014-05-05,SERC.2,SERC.2.20,20,30,0.0011,sk,"",20220110T210857Z,RELEASE-2022
5442c49b-33a1-4af5-b9a0-dd0ecc9b7021,MEGAPT100992,2014-05-05,SERC.3,SERC.3.70,70,80,0.0012,sk,"",20220110T210857Z,RELEASE-2022
64002917-5425-491b-b0bc-44187c8ff917,MEGAPT100992,2014-05-05,SERC.3,SERC.3.80,80,90,0.001,sk,"",20220110T210857Z,RELEASE-2022
b4d99a74-e5bb-4ec4-99cf-e5a310670681,MEGAPT100992,2014-05-05,SERC.3,SERC.3.10,10,20,0.001,sk,"",20220110T210857Z,RELEASE-2022
35b24be2-806f-4ab0-8bda-3ef23f948b49,MEGAPT100992,2014-05-05,SERC.2,SERC.2.40,40,50,0.001,sk,"",20220110T210857Z,RELEASE-2022
33c8de44-35de-48c2-8475-dcede3131a26,MEGAPT100992,2014-05-05,SERC.3,SERC.3.100,100,120,0.002,sk,"",20220110T210857Z,RELEASE-2022
d971d944-cbc8-4806-b450-decc4a798f88,MEGAPT100992,2014-05-05,SERC.3,SERC.3.140,140,160,0.002,sk,"",20220110T210857Z,RELEASE-2022
23de5421-93be-4142-b7d9-167776f021be,MEGAPT100992,2014-05-05,SERC.2,SERC.2.100,100,120,0.002,sk,"",20220110T210857Z,RELEASE-2022
7c18da9e-bcfe-43a2-908f-173fc8a5f1d6,MEGAPT100992,2014-05-05,SERC.1,SERC.1.100,100,120,0.002,sk,"",20220110T210857Z,RELEASE-2022
68dad657-b24e-415a-96bb-bde52db56d28,MEGAPT100992,2014-05-05,SERC.3,SERC.3.160,160,180,0.001,sk,volume recorded as 10 cm by 10 by 10; changed from 2000 to 1000,20220110T210857Z,RELEASE-2022
374ab0e8-21bf-495f-acca-2e81dc683725,MEGAPT100992,2014-05-05,SERC.3,SERC.3.20,20,30,0.00132,sk,"",20220110T210857Z,RELEASE-2022
0813b4a8-8b95-4d06-9164-f79181fc68e3,MEGAPT100992,2014-05-05,SERC.1,SERC.1.160,160,180,0.002,sk,"",20220110T210857Z,RELEASE-2022
c34636e6-6334-462f-bb17-ff9a9b1385a4,MEGAPT100992,2014-05-05,SERC.2,SERC.2.30,30,40,0.001,sk,"",20220110T210857Z,RELEASE-2022
adef23d8-496e-4231-a86b-d87aaa308305,MEGAPT100992,2014-05-05,SERC.2,SERC.2.0,0,10,0.001,sk,"",20220110T210857Z,RELEASE-2022
f5370f42-4fc7-4300-906b-45a164b38cf1,MEGAPT100992,2014-05-05,SERC.2,SERC.2.140,140,160,0.002,sk,"",20220110T210857Z,RELEASE-2022
2bda093a-053a-4b2d-a6cf-ea01d86a1e10,MEGAPT100992,2014-05-05,SERC.2,SERC.2.80,80,90,0.001,sk,"",20220110T210857Z,RELEASE-2022
2ec86560-165d-425a-a253-a885a45cc02d,MEGAPT100992,2014-05-05,SERC.3,SERC.3.40,40,50,0.001,sk,"",20220110T210857Z,RELEASE-2022
a5f9b44f-edf0-4aa1-9166-2438a71c6593,MEGAPT100992,2014-05-05,SERC.3,SERC.3.30,30,40,0.001,sk,"",20220110T210857Z,RELEASE-2022
c91f3827-73a4-4e5f-92d4-7bdf39466a0d,MEGAPT100992,2014-05-05,SERC.3,SERC.3.0,0,10,0.001,sk,"",20220110T210857Z,RELEASE-2022
570c1598-4bba-42c6-a91b-57a09564802e,MEGAPT100992,2014-05-05,SERC.2,SERC.2.90,90,100,0.001,sk,"",20220110T210857Z,RELEASE-2022
0e3cb66b-ee71-431d-84d6-da35c4323171,MEGAPT100992,2014-05-05,SERC.3,SERC.3.90,90,100,0.001,sk,"",20220110T210857Z,RELEASE-2022
e4347574-cfdd-4a12-97af-878c8638125c,MEGAPT100992,2014-05-05,SERC.3,SERC.3.50,50,60,0.001,sk,"",20220110T210857Z,RELEASE-2022
c376bba5-341d-470f-b6f2-7d43c2e10c23,MEGAPT100992,2014-05-05,SERC.2,SERC.2.160,160,180,0.001,sk,volume recorded as 10 cm by 10 by 10; changed from 2000 to 1000,20220110T210857Z,RELEASE-2022
6c65c318-ab8a-44e7-bd4b-cefa5953d15a,MEGAPT100992,2014-05-05,SERC.1,SERC.1.90,90,100,0.001,sk,"",20220110T210857Z,RELEASE-2022
6c0aa428-7075-430d-b97d-00758ecd46fb,MEGAPT100992,2014-05-05,SERC.2,SERC.2.10,10,20,0.001,sk,"",20220110T210857Z,RELEASE-2022
ebe81e56-1a8a-4c7a-8be8-e625b2a158cc,MEGAPT100992,2014-05-05,SERC.2,SERC.2.50,50,60,0.001,sk,"",20220110T210857Z,RELEASE-2022
20ccf7f8-63c1-43eb-b64c-4cd9b22afc4a,MEGAPT100992,2014-05-05,SERC.3,SERC.3.60,60,70,0.001,sk,"",20220110T210857Z,RELEASE-2022
b8b1ff6e-4a33-401c-a2a2-1feb144be543,MEGAPT100992,2014-05-05,SERC.2,SERC.2.60,60,70,0.001,sk,"",20220110T210857Z,RELEASE-2022
4c3079ef-c182-4f8a-9d90-7e08ec9aab38,MEGAPT100992,2014-05-05,SERC.3,SERC.3.120,120,140,0.002,sk,"",20220110T210857Z,RELEASE-2022
5a8b87f0-f5cd-4f2c-ab75-b9da89b69570,MEGAPT100992,2014-05-05,SERC.2,SERC.2.120,120,140,0.002,sk,"",20220110T210857Z,RELEASE-2022
83e6b6e7-7be5-4496-b701-7fe569852373,MEGAPT100992,2014-05-05,SERC.2,SERC.2.70,70,80,0.001,sk,"",20220110T210857Z,RELEASE-2022
58963a3b-fdc9-409d-842e-8476504dfe6d,MEGAPT100992,2014-05-05,SERC.1,SERC.1.120,120,140,0.002,sk,"",20220110T210857Z,RELEASE-2022
6c7ae5df-c2b6-47d7-9e84-02d4e8fc039c,MEGAPT100992,2014-05-05,SERC.1,SERC.1.10,10,20,0.001,sk,"",20220110T210857Z,RELEASE-2022
00b8d71c-0155-46be-8020-2caa1a6782bd,MEGAPT100992,2014-05-05,SERC.1,SERC.1.70,70,80,0.001,sk,"",20220110T210857Z,RELEASE-2022
ed6bb7b9-c6a3-4507-bc1c-90b6ff346a9b,MEGAPT100992,2014-05-05,SERC.1,SERC.1.80,80,90,0.001,sk,"",20220110T210857Z,RELEASE-2022
07f3ed4d-d78a-43f3-aa17-3d8633bbf254,MEGAPT100992,2014-05-05,SERC.1,SERC.1.40,40,50,0.001,sk,"",20220110T210857Z,RELEASE-2022
626c13b7-e03a-4b29-8020-dbf97ef71fd2,MEGAPT100992,2014-05-05,SERC.1,SERC.1.50,50,60,0.001,sk,"",20220110T210857Z,RELEASE-2022
323bb662-3c37-47ab-a21d-4da26f513399,MEGAPT100992,2014-05-05,SERC.1,SERC.1.0,0,10,0.001,sk,"",20220110T210857Z,RELEASE-2022
9c289e1d-945f-4477-a2cc-ddbaeef6ef68,MEGAPT100992,2014-05-05,SERC.1,SERC.1.20,20,30,0.001,sk,"",20220110T210857Z,RELEASE-2022
4b5f1dbf-ff76-430b-94f4-b16d0ab7c08c,MEGAPT100992,2014-05-05,SERC.1,SERC.1.140,140,160,0.002,sk,"",20220110T210857Z,RELEASE-2022
2df06c5a-405e-4bb5-9242-38a297ce7d73,MEGAPT100992,2014-05-05,SERC.1,SERC.1.30,30,40,0.001,sk,"",20220110T210857Z,RELEASE-2022
a5a64771-3159-4149-af27-13c3d1b56bad,MEGAPT100992,2014-05-05,SERC.1,SERC.1.60,60,70,0.001,sk,"",20220110T210857Z,RELEASE-2022
f901165f-7747-4015-9ffd-a7e34d3cbbb8,MEGAPT100999,2015-06-15,TREE.2,TREE.2.10,10,20,0.001,sk,,20211221T205341Z,RELEASE-2022
166ac7e3-8be0-41dd-882e-76fecdaf9f2f,MEGAPT100999,2015-06-15,TREE.3,TREE.3.40,40,50,0.001,sk,,20211221T205341Z,RELEASE-2022
51e01586-c1c0-408c-b31f-adf70ba3f400,MEGAPT100999,2015-06-15,TREE.2,TREE.2.30,30,40,0.001,sk,,20211221T205341Z,RELEASE-2022
efe122fb-0e04-4818-a089-9a50d3e704d5,MEGAPT100999,2015-06-15,TREE.1,TREE.1.180,180,200,0.002,sk,,20211221T205341Z,RELEASE-2022
b0171ae0-6938-4c81-bab5-51225ad6af37,MEGAPT100999,2015-06-15,TREE.1,TREE.1.60,60,70,0.001,sk,,20211221T205341Z,RELEASE-2022
02cbd360-af90-4820-a83b-88eabc1bfc5f,MEGAPT100999,2015-06-15,TREE.3,TREE.3.140,140,160,0.002,sk,,20211221T205341Z,RELEASE-2022
636ba6a2-6448-4a11-9341-6fcf5e96645f,MEGAPT100999,2015-06-15,TREE.2,TREE.2.40,40,50,0.001,sk,,20211221T205341Z,RELEASE-2022
bddc005d-5922-4a54-9b5a-ef78698f4049,MEGAPT100999,2015-06-15,TREE.3,TREE.3.60,60,70,0.001,sk,,20211221T205341Z,RELEASE-2022
aaf481d1-ce9c-4a3d-a79f-734acb6198c9,MEGAPT100999,2015-06-15,TREE.3,TREE.3.30,30,40,0.001,sk,,20211221T205341Z,RELEASE-2022
063b8fb4-2da9-4147-ad74-fa62b19de6e8,MEGAPT100999,2015-06-15,TREE.1,TREE.1.160,160,180,0.002,sk,,20211221T205341Z,RELEASE-2022
64f2aeb8-4941-404c-a71b-e4a6c5f2fed2,MEGAPT100999,2015-06-15,TREE.3,TREE.3.100,100,120,0.002,sk,,20211221T205341Z,RELEASE-2022
a711f7df-e0fc-4655-96b1-53909c9ef837,MEGAPT100999,2015-06-15,TREE.1,TREE.1.90,90,100,0.001,sk,,20211221T205341Z,RELEASE-2022
96de031e-f47c-4cce-a811-760442f6fa31,MEGAPT100999,2015-06-15,TREE.3,TREE.3.90,90,100,0.001,sk,,20211221T205341Z,RELEASE-2022
575c1ac3-934b-4317-ac04-85d6ae7de43a,MEGAPT100999,2015-06-15,TREE.3,TREE.3.50,50,60,0.001,sk,,20211221T205341Z,RELEASE-2022
d0d9bdb5-4f4b-42d6-b803-0d756a7470be,MEGAPT100999,2015-06-15,TREE.2,TREE.2.70,70,80,0.001,sk,,20211221T205341Z,RELEASE-2022
62f9bb86-15b9-45d5-9a4c-600f114c37e2,MEGAPT100999,2015-06-15,TREE.2,TREE.2.0,0,10,0.001,sk,,20211221T205341Z,RELEASE-2022
78813cde-fd2c-469e-ae77-fde7eba9e2ca,MEGAPT100999,2015-06-15,TREE.1,TREE.1.120,120,140,0.002,sk,,20211221T205341Z,RELEASE-2022
426a5643-38ca-4eb8-9626-b5318f342308,MEGAPT100999,2015-06-15,TREE.3,TREE.3.10,10,20,0.001,sk,,20211221T205341Z,RELEASE-2022
07b22780-285c-4962-af78-61dda56a11df,MEGAPT100999,2015-06-15,TREE.1,TREE.1.100,100,120,0.002,sk,,20211221T205341Z,RELEASE-2022
4db87ad8-03b8-406c-9e75-ba49d473c1fd,MEGAPT100999,2015-06-15,TREE.2,TREE.2.90,90,100,0.001,sk,,20211221T205341Z,RELEASE-2022
d02664de-0adb-42b8-83bf-c7e79cc1bd3e,MEGAPT100999,2015-06-15,TREE.3,TREE.3.120,120,140,0.002,sk,,20211221T205341Z,RELEASE-2022
133d6889-0a60-4893-888d-66b172f70870,MEGAPT100999,2015-06-15,TREE.2,TREE.2.80,80,90,0.001,sk,,20211221T205341Z,RELEASE-2022
dd73163b-bf3c-47ff-8861-48ab641f8fa2,MEGAPT100999,2015-06-15,TREE.1,TREE.1.20,20,30,0.001,sk,,20211221T205341Z,RELEASE-2022
866aacc2-8dc0-4ac4-b6d9-b118ef165f6b,MEGAPT100999,2015-06-15,TREE.2,TREE.2.50,50,60,0.001,sk,,20211221T205341Z,RELEASE-2022
ea46aed5-9f2f-4798-b781-d38079f60650,MEGAPT100999,2015-06-15,TREE.2,TREE.2.160,160,180,0.002,sk,,20211221T205341Z,RELEASE-2022
9ab811f0-6c78-4a80-a8c2-cad85fe07474,MEGAPT100999,2015-06-15,TREE.3,TREE.3.180,180,200,0.002,sk,,20211221T205341Z,RELEASE-2022
296d8452-46d0-4a2e-ac42-5113be7c4f24,MEGAPT100999,2015-06-15,TREE.2,TREE.2.120,120,140,0.002,sk,,20211221T205341Z,RELEASE-2022
aeb5f17d-4f67-4463-8a25-976a1e724577,MEGAPT100999,2015-06-15,TREE.2,TREE.2.20,20,30,0.001,sk,,20211221T205341Z,RELEASE-2022
eca99dd4-61e2-48d4-ab41-e83ea612425a,MEGAPT100999,2015-06-15,TREE.1,TREE.1.140,140,160,0.002,sk,,20211221T205341Z,RELEASE-2022
7251fd35-30b8-47b8-82c0-719d010a4219,MEGAPT100999,2015-06-15,TREE.2,TREE.2.180,180,200,0.002,sk,,20211221T205341Z,RELEASE-2022
55330590-fc82-4f96-87a8-23a5fe665dd4,MEGAPT100999,2015-06-15,TREE.3,TREE.3.80,80,90,0.001,sk,,20211221T205341Z,RELEASE-2022
9b57b345-3a73-4d9b-aff5-826da2b7593d,MEGAPT100999,2015-06-15,TREE.1,TREE.1.40,40,50,0.001,sk,,20211221T205341Z,RELEASE-2022
4688c2e1-13f7-4be1-adb9-b846180db9bb,MEGAPT100999,2015-06-15,TREE.1,TREE.1.80,80,90,0.001,sk,,20211221T205341Z,RELEASE-2022
d5840e2c-21fe-4b1f-9957-e22d2bdf954d,MEGAPT100999,2015-06-15,TREE.1,TREE.1.70,70,80,0.001,sk,,20211221T205341Z,RELEASE-2022
1fbcfe66-ac11-4afc-94a8-3701d21dc55b,MEGAPT100999,2015-06-15,TREE.3,TREE.3.70,70,80,0.001,sk,,20211221T205341Z,RELEASE-2022
58b0a456-98e2-4ef5-b070-1e2eea3560d6,MEGAPT100999,2015-06-15,TREE.3,TREE.3.160,160,180,0.002,sk,,20211221T205341Z,RELEASE-2022
eb8300c1-6e19-456f-8c6a-38674cb39828,MEGAPT100999,2015-06-15,TREE.2,TREE.2.60,60,70,0.001,sk,,20211221T205341Z,RELEASE-2022
74b24d43-d917-4e3e-8648-a0337f2402b5,MEGAPT100999,2015-06-15,TREE.2,TREE.2.100,100,120,0.002,sk,,20211221T205341Z,RELEASE-2022
a1014d9c-f821-4afd-a556-58d3b5d9545e,MEGAPT100999,2015-06-15,TREE.1,TREE.1.50,50,60,0.001,sk,,20211221T205341Z,RELEASE-2022
48cd21a1-b8c8-419a-bbde-84b7936f6af4,MEGAPT100999,2015-06-15,TREE.3,TREE.3.20,20,30,0.001,sk,,20211221T205341Z,RELEASE-2022
c0210355-a276-4d28-b40c-fe1aee789aa2,MEGAPT100999,2015-06-15,TREE.1,TREE.1.30,30,40,0.001,sk,,20211221T205341Z,RELEASE-2022
5a40d325-a2ae-4869-b015-8e1f3a0026ca,MEGAPT100999,2015-06-15,TREE.3,TREE.3.0,0,10,0.001,sk,,20211221T205341Z,RELEASE-2022
6848c027-fe84-454b-856f-f3c41f5be58c,MEGAPT100999,2015-06-15,TREE.1,TREE.1.0,0,10,0.001,sk,,20211221T205341Z,RELEASE-2022
69ea05a7-dfb6-4df8-8f79-9f27c92ff87a,MEGAPT100999,2015-06-15,TREE.1,TREE.1.10,10,20,0.001,sk,,20211221T205341Z,RELEASE-2022
2ae417bc-d1cd-4faa-9dcf-ab30c1a4142a,MEGAPT100988,2013-09-23,ORNL.3,ORNL.3.30,30,40,0.001,sk,,20211221T000516Z,RELEASE-2022
21edfe5d-3af4-4979-bf4d-d6d09e735cf9,MEGAPT100988,2013-09-23,ORNL.3,ORNL.3.60,60,70,0.001,sk,,20211221T000516Z,RELEASE-2022
0dbfd2a0-4bfd-4737-aca0-1e9efa169dbb,MEGAPT100988,2013-09-23,ORNL.3,ORNL.3.120,120,140,0.002,sk,,20211221T000516Z,RELEASE-2022
bc89e953-623f-415e-ba25-f029ab5b8dd3,MEGAPT100988,2013-09-23,ORNL.3,ORNL.3.160,160,180,0.002,sk,,20211221T000516Z,RELEASE-2022
7dd81b9a-11c6-4455-860f-f6d4644f757a,MEGAPT100988,2013-09-23,ORNL.3,ORNL.3.140,140,160,0.002,sk,,20211221T000516Z,RELEASE-2022
dc57c06b-205d-43be-859f-751ddf74a6ee,MEGAPT100988,2013-09-23,ORNL.3,ORNL.3.40,40,50,0.001,sk,,20211221T000516Z,RELEASE-2022
51ff6a34-7bc5-44d2-a6f8-fdda83396487,MEGAPT100988,2013-09-23,ORNL.3,ORNL.3.80,80,90,0.001,sk,,20211221T000516Z,RELEASE-2022
9b99257e-eab4-493f-a1a1-0f6e84b0caec,MEGAPT100988,2013-09-23,ORNL.3,ORNL.3.50,50,60,0.001,sk,,20211221T000516Z,RELEASE-2022
035e2e0f-59d0-41dd-8cc4-ff8fb5e5a543,MEGAPT100988,2013-09-23,ORNL.3,ORNL.3.70,70,80,0.001,sk,,20211221T000516Z,RELEASE-2022
a4f6c0fe-92a0-4900-aaa1-1fb22cbd0785,MEGAPT100988,2013-09-23,ORNL.3,ORNL.3.90,90,100,0.001,sk,,20211221T000516Z,RELEASE-2022
2486d7f0-5db1-4c5a-a29d-793eabc7acd2,MEGAPT100988,2013-09-23,ORNL.3,ORNL.3.20,20,30,0.000608,bdc,,20211221T000516Z,RELEASE-2022
bf6889a0-56b5-4f64-82c5-c23b591e77b0,MEGAPT100988,2013-09-23,ORNL.1,ORNL.1.120,120,140,0.002,sk,,20211221T000516Z,RELEASE-2022
083c19c5-8ebe-4253-9274-ab5ba0f4f122,MEGAPT100988,2013-09-23,ORNL.3,ORNL.3.100,100,120,0.002,sk,,20211221T000516Z,RELEASE-2022
d7d843fb-f330-49b9-a1de-8c8043f6e3e4,MEGAPT100988,2013-09-23,ORNL.1,ORNL.1.10,10,20,0.001,sk,,20211221T000516Z,RELEASE-2022
269bcf1d-2625-4abf-bd90-0e274221939c,MEGAPT100988,2013-09-23,ORNL.2,ORNL.2.30,30,40,0.001,sk,,20211221T000516Z,RELEASE-2022
b82b5dc6-8c93-4bb3-8e0e-9b067071862b,MEGAPT100988,2013-09-23,ORNL.2,ORNL.2.0,0,10,0.000608,bdc,,20211221T000516Z,RELEASE-2022
c4d440e7-efd8-43d9-8855-78c48c70fed7,MEGAPT100988,2013-09-23,ORNL.1,ORNL.1.70,70,80,0.001,sk,,20211221T000516Z,RELEASE-2022
21bb3627-585e-4b24-957f-2e8878188518,MEGAPT100988,2013-09-23,ORNL.1,ORNL.1.20,20,30,0.001,sk,,20211221T000516Z,RELEASE-2022
819b52ce-d08f-4381-b046-66c2f7f5c7e9,MEGAPT100988,2013-09-23,ORNL.1,ORNL.1.30,30,40,0.001,sk,,20211221T000516Z,RELEASE-2022
ecd5cc26-3218-40dd-b1c5-1afc84202b31,MEGAPT100988,2013-09-23,ORNL.1,ORNL.1.90,90,100,0.001,sk,,20211221T000516Z,RELEASE-2022
4b11a4f0-00bf-4265-9b26-a0361d6c5719,MEGAPT100988,2013-09-23,ORNL.1,ORNL.1.100,100,120,0.002,sk,,20211221T000516Z,RELEASE-2022
e4cf00ff-742a-4779-a215-3865f7d7f459,MEGAPT100988,2013-09-23,ORNL.1,ORNL.1.140,140,160,0.002,sk,,20211221T000516Z,RELEASE-2022
0e93ec0f-38b6-4966-8b50-8c9d911cf289,MEGAPT100988,2013-09-23,ORNL.1,ORNL.1.50,50,60,0.001,sk,,20211221T000516Z,RELEASE-2022
cf54b7d0-310b-4f63-9216-2c0e6b106e9d,MEGAPT100988,2013-09-23,ORNL.2,ORNL.2.120,120,140,0.002,sk,,20211221T000516Z,RELEASE-2022
8b741976-c674-4ae7-809c-3bb2ecbb5e62,MEGAPT100988,2013-09-23,ORNL.3,ORNL.3.10,10,20,0.000608,bdc,,20211221T000516Z,RELEASE-2022
a81ae8ef-816c-43ae-8520-fd76970165cc,MEGAPT100988,2013-09-23,ORNL.1,ORNL.1.60,60,70,0.001,sk,,20211221T000516Z,RELEASE-2022
269b36ee-4ce0-40f1-98c5-3fb1047c22da,MEGAPT100988,2013-09-23,ORNL.3,ORNL.3.0,0,10,0.000608,bdc,,20211221T000516Z,RELEASE-2022
24b7d411-6fbc-4fe1-9130-e3f4d8b92bc6,MEGAPT100988,2013-09-23,ORNL.2,ORNL.2.60,60,70,0.001,sk,,20211221T000516Z,RELEASE-2022
d9d2b3d9-f11d-40e0-bf33-ab6dc32f2675,MEGAPT100988,2013-09-23,ORNL.1,ORNL.1.0,0,10,0.001,sk,,20211221T000516Z,RELEASE-2022
42da5800-66eb-48c0-bc34-b6f460397ed1,MEGAPT100988,2013-09-23,ORNL.1,ORNL.1.160,160,180,0.002,sk,,20211221T000516Z,RELEASE-2022
5581a3d5-619d-4cf5-a2dd-28d56f95f643,MEGAPT100988,2013-09-23,ORNL.2,ORNL.2.90,90,100,0.001,sk,,20211221T000516Z,RELEASE-2022
20336125-99de-4e07-923f-f7292db80158,MEGAPT100988,2013-09-23,ORNL.2,ORNL.2.80,80,90,0.001,sk,,20211221T000516Z,RELEASE-2022
99d38b39-995b-4c95-91f8-64c4d4f8f4d2,MEGAPT100988,2013-09-23,ORNL.2,ORNL.2.10,10,20,0.001,sk,,20211221T000516Z,RELEASE-2022
1a7eb2f3-4323-432a-95b8-4b004fafc080,MEGAPT100988,2013-09-23,ORNL.2,ORNL.2.40,40,50,0.001,sk,,20211221T000516Z,RELEASE-2022
26a8ecdd-ac55-44da-9216-0b4badf80016,MEGAPT100988,2013-09-23,ORNL.2,ORNL.2.50,50,60,0.001,sk,,20211221T000516Z,RELEASE-2022
e1c5a5f3-b6f9-4ca9-ab67-f37acec023ca,MEGAPT100988,2013-09-23,ORNL.2,ORNL.2.20,20,30,0.001,sk,,20211221T000516Z,RELEASE-2022
e9f18699-3b8e-4df7-b385-6d12748cd549,MEGAPT100988,2013-09-23,ORNL.2,ORNL.2.160,160,180,0.002,sk,,20211221T000516Z,RELEASE-2022
efb3dfff-52b3-471c-87c9-f7ace3d6f16e,MEGAPT100988,2013-09-23,ORNL.1,ORNL.1.80,80,90,0.001,sk,,20211221T000516Z,RELEASE-2022
df3d50d0-bd79-4e17-9e91-befdd2ca6d7f,MEGAPT100988,2013-09-23,ORNL.1,ORNL.1.40,40,50,0.001,sk,,20211221T000516Z,RELEASE-2022
44cb44cd-e682-472f-8a59-87bb16d2c4c0,MEGAPT100988,2013-09-23,ORNL.2,ORNL.2.100,100,120,0.002,sk,,20211221T000516Z,RELEASE-2022
d8897d82-910f-4616-aa73-0cc30b606de1,MEGAPT100988,2013-09-23,ORNL.2,ORNL.2.70,70,80,0.001,sk,,20211221T000516Z,RELEASE-2022
8ccea8d6-6345-4a3d-8731-a92a19e4cd45,MEGAPT100988,2013-09-23,ORNL.2,ORNL.2.140,140,160,0.002,sk,,20211221T000516Z,RELEASE-2022
a9faa275-1322-46b8-b2d4-213c04f3fd99,MEGAPT100969,2013-04-29,DELA.2,DELA.2.30,30,40,0.001,sk,samplearea and samplevolume fixed,20211221T002158Z,RELEASE-2022
bc9bb63a-65d0-46b7-b33f-709c7108b9b7,MEGAPT100969,2013-04-29,DELA.2,DELA.2.120,120,140,0.002,sk,"",20211221T002158Z,RELEASE-2022
ff25110c-6ae1-489e-bbc0-5346c5445307,MEGAPT100969,2013-04-29,DELA.2,DELA.2.140,140,160,0.002,sk,"",20211221T002158Z,RELEASE-2022
d52f0c0d-e43e-4795-b334-eb67e6ec58a3,MEGAPT100969,2013-04-29,DELA.3,DELA.3.70,70,80,0.0011,sk,long axis perpendicular not parallel to the face,20211221T002158Z,RELEASE-2022
a54a7897-52f4-4399-a13a-5df639362d90,MEGAPT100969,2013-04-29,DELA.2,DELA.2.60,60,70,0.001,sk,samplearea and samplevolume fixed,20211221T002158Z,RELEASE-2022
211e19b3-d732-4e0d-9aef-94537b25a5e4,MEGAPT100969,2013-04-29,DELA.1,DELA.1.20,20,30,0.000628,bdc,"",20211221T002158Z,RELEASE-2022
f095fdd5-953e-4438-a80f-391cdf9e83ae,MEGAPT100969,2013-04-29,DELA.3,DELA.3.20,20,30,0.001,sk,was originally labeled as bdc but is sk; samplevolume and samplearea fixed,20211221T002158Z,RELEASE-2022
877b44f0-8343-4ea4-91be-c632453f2f6b,MEGAPT100969,2013-04-29,DELA.1,DELA.1.140,140,160,0.002,sk,"",20211221T002158Z,RELEASE-2022
797c3996-ae0f-45d9-b558-9baf48ee4a71,MEGAPT100969,2013-04-29,DELA.3,DELA.3.140,140,160,0.002,sk,"",20211221T002158Z,RELEASE-2022
c4f282d0-d147-4644-8909-123f81806f58,MEGAPT100969,2013-04-29,DELA.1,DELA.1.80,80,90,0.001,sk,"",20211221T002158Z,RELEASE-2022
25c655c6-81ea-4ad0-88ef-00a18b6d668b,MEGAPT100969,2013-04-29,DELA.2,DELA.2.70,70,80,0.001,sk,"",20211221T002158Z,RELEASE-2022
d622a7c0-3293-4dff-bbf6-4054bbd86408,MEGAPT100969,2013-04-29,DELA.2,DELA.2.90,90,100,0.001,sk,"",20211221T002158Z,RELEASE-2022
b242ea3c-24f9-4ca7-98ca-656b76ad0fea,MEGAPT100969,2013-04-29,DELA.1,DELA.1.40,40,50,0.001,sk,"",20211221T002158Z,RELEASE-2022
2cf4a4ea-02bb-45c2-b1dc-3366e18e52b8,MEGAPT100969,2013-04-29,DELA.3,DELA.3.10,10,20,0.001,sk,was originally labeled as bdc but is sk; samplevolume and samplearea fixed,20211221T002158Z,RELEASE-2022
84643983-c691-4caf-8965-ec682f760306,MEGAPT100969,2013-04-29,DELA.2,DELA.2.20,20,30,0.001,sk,samplearea and samplevolume fixed,20211221T002158Z,RELEASE-2022
b5d4e102-7a83-46d2-812a-c9d5d0ff0138,MEGAPT100969,2013-04-29,DELA.1,DELA.1.50,50,60,0.001,sk,"",20211221T002158Z,RELEASE-2022
21e5b3f6-74a5-4d43-b4b0-8f790984f125,MEGAPT100969,2013-04-29,DELA.3,DELA.3.50,50,60,0.001,sk,"",20211221T002158Z,RELEASE-2022
c273ebca-e06a-450a-876a-2e16ec1d867b,MEGAPT100969,2013-04-29,DELA.3,DELA.3.60,60,70,0.0012,sk,"",20211221T002158Z,RELEASE-2022
ab6e0450-108c-445f-8fb9-be3e466035c3,MEGAPT100969,2013-04-29,DELA.1,DELA.1.100,100,120,0.002,sk,"",20211221T002158Z,RELEASE-2022
837f312d-9ec8-4b65-a1da-653d3882ec0f,MEGAPT100969,2013-04-29,DELA.3,DELA.3.0,0,10,0.000669,bdc,"",20211221T002158Z,RELEASE-2022
7c6fe052-5b1d-458e-94a1-fc9990506e83,MEGAPT100969,2013-04-29,DELA.1,DELA.1.70,70,80,0.001,sk,"",20211221T002158Z,RELEASE-2022
36402559-a0f3-4b7b-8e78-4857b06f4a85,MEGAPT100969,2013-04-29,DELA.2,DELA.2.40,40,50,0.001,sk,samplearea and samplevolume fixed,20211221T002158Z,RELEASE-2022
c96507b6-5e90-4801-9fe5-4a2928bba0ef,MEGAPT100969,2013-04-29,DELA.3,DELA.3.90,90,100,0.001,sk,"",20211221T002158Z,RELEASE-2022
076d76ce-befc-4e09-b50e-c5cebb6c02a7,MEGAPT100969,2013-04-29,DELA.1,DELA.1.0,0,10,0.000649,bdc,"",20211221T002158Z,RELEASE-2022
e2448284-10de-4281-8d98-dc03750e11cc,MEGAPT100969,2013-04-29,DELA.1,DELA.1.60,60,70,0.001,sk,"",20211221T002158Z,RELEASE-2022
8def9042-dfcc-4371-9b9f-383ec9047928,MEGAPT100969,2013-04-29,DELA.3,DELA.3.40,40,50,0.001,sk,"",20211221T002158Z,RELEASE-2022
5af5c352-0577-453c-921c-91812bf9a360,MEGAPT100969,2013-04-29,DELA.2,DELA.2.10,10,20,0.001,sk,samplearea and samplevolume fixed,20211221T002158Z,RELEASE-2022
642d1f99-b045-4cb8-8b25-d7bf434cc2d7,MEGAPT100969,2013-04-29,DELA.2,DELA.2.0,0,10,0.000618,bdc,"",20211221T002158Z,RELEASE-2022
08175853-2dee-4672-a33a-61d7ba3e00af,MEGAPT100969,2013-04-29,DELA.3,DELA.3.80,80,90,0.001,sk,"",20211221T002158Z,RELEASE-2022
c2e24c7a-e214-4519-b1c1-ec9f39ca91fa,MEGAPT100969,2013-04-29,DELA.1,DELA.1.10,10,20,0.000608,bdc,"",20211221T002158Z,RELEASE-2022
adb646a5-fc7c-497e-9e6a-e8e92fa5bc00,MEGAPT100969,2013-04-29,DELA.2,DELA.2.100,100,120,0.002,sk,lots of cave in during sampling so difficult to get an accurate area or volume,20211221T002158Z,RELEASE-2022
420f61aa-d14a-4f71-89cf-5762b3074635,MEGAPT100969,2013-04-29,DELA.1,DELA.1.120,120,140,0.002,sk,"",20211221T002158Z,RELEASE-2022
a63bbc7c-5e87-423f-8706-ff9d6618457b,MEGAPT100969,2013-04-29,DELA.2,DELA.2.50,50,60,0.0015,sk,samplearea and samplevolume fixed,20211221T002158Z,RELEASE-2022
8fdac4ba-af84-42c2-8d64-cf6343d30655,MEGAPT100969,2013-04-29,DELA.3,DELA.3.120,120,140,0.002,sk,"",20211221T002158Z,RELEASE-2022
30563041-438d-4fee-a1c1-c8b1115adb1b,MEGAPT100969,2013-04-29,DELA.1,DELA.1.90,90,100,0.001,sk,"",20211221T002158Z,RELEASE-2022
700247cd-64ee-48d6-a7cf-0573f1c2162b,MEGAPT100969,2013-04-29,DELA.2,DELA.2.80,80,90,0.001,sk,"",20211221T002158Z,RELEASE-2022
15737285-5e0f-4244-9ec6-b04d6aeab0dd,MEGAPT100969,2013-04-29,DELA.1,DELA.1.30,30,40,0.000628,bdc,"",20211221T002158Z,RELEASE-2022
23a8a2b0-eb11-462c-a326-2218e7c0a8a4,MEGAPT100969,2013-04-29,DELA.3,DELA.3.30,30,40,0.00132,sk,was originally labeled as bdc but is sk; samplevolume and samplearea fixed,20211221T002158Z,RELEASE-2022
ad6834bb-e4bb-479e-8fc2-829f3da29179,MEGAPT100969,2013-04-29,DELA.3,DELA.3.100,100,120,0.002,sk,lots of cave in lead to extra length and material,20211221T002158Z,RELEASE-2022
e1dfe622-03d8-453f-a36f-ec6eca6bb5f0,MEGAPT100980,2015-03-16,LENO.3,LENO.3.60,60,70,0.001,sk,,20211222T034710Z,RELEASE-2022
5818db6f-5973-4a76-a013-9cf3024927c6,MEGAPT100980,2015-03-16,LENO.3,LENO.3.140,140,160,0.002,sk,,20211222T034710Z,RELEASE-2022
67da0aaf-3552-4651-9c67-699bdd6a87c5,MEGAPT100980,2015-03-16,LENO.3,LENO.3.160,160,180,0.002,sk,,20211222T034710Z,RELEASE-2022
e9d12a18-68fa-427d-ba13-46476cb26639,MEGAPT100980,2015-03-16,LENO.3,LENO.3.180,180,200,0.00165,sk,,20211222T034710Z,RELEASE-2022
582bd65f-9f39-4948-93e3-966a8463b7c0,MEGAPT100980,2015-03-16,LENO.3,LENO.3.120,120,140,0.002,sk,,20211222T034710Z,RELEASE-2022
5f8f0229-0d0b-4632-94c9-0d1b3ecdcd66,MEGAPT100980,2015-03-16,LENO.3,LENO.3.70,70,80,0.001,sk,,20211222T034710Z,RELEASE-2022
dc859f22-b0e3-46a4-b237-85887235b4a5,MEGAPT100980,2015-03-16,LENO.2,LENO.2.80,80,90,0.001,sk,,20211222T034710Z,RELEASE-2022
3a5ccb80-7840-4343-8a3f-68ae68ac2a2c,MEGAPT100980,2015-03-16,LENO.3,LENO.3.40,40,50,0.001,sk,,20211222T034710Z,RELEASE-2022
1aea1328-f3cc-4811-92d6-5b9d77803d92,MEGAPT100980,2015-03-16,LENO.2,LENO.2.60,60,70,0.001,sk,,20211222T034710Z,RELEASE-2022
33637cac-bb1b-4c9b-a678-62c41b0d74ee,MEGAPT100980,2015-03-16,LENO.2,LENO.2.50,50,60,0.001,sk,,20211222T034710Z,RELEASE-2022
fda08208-1b34-4474-9b93-53602bacce8b,MEGAPT100980,2015-03-16,LENO.3,LENO.3.50,50,60,0.001,sk,,20211222T034710Z,RELEASE-2022
1b1423bc-96db-4f6d-9ee1-97b7304e6c0d,MEGAPT100980,2015-03-16,LENO.2,LENO.2.30,30,40,0.0011,sk,,20211222T034710Z,RELEASE-2022
7a9bd8c2-74f8-42d4-b7e2-763512eed7a1,MEGAPT100980,2015-03-16,LENO.2,LENO.2.40,40,50,0.001,sk,,20211222T034710Z,RELEASE-2022
9649e44f-4333-45e8-8b2b-3e94cba9b84b,MEGAPT100980,2015-03-16,LENO.1,LENO.1.90,90,100,0.001,sk,,20211222T034710Z,RELEASE-2022
949cd7e6-97a5-42d2-b649-2e8138d106a3,MEGAPT100980,2015-03-16,LENO.3,LENO.3.80,80,90,0.0012,sk,,20211222T034710Z,RELEASE-2022
8723a00c-9bbf-454c-b62b-c392ea3d3d63,MEGAPT100980,2015-03-16,LENO.1,LENO.1.0,0,10,0.001,sk,,20211222T034710Z,RELEASE-2022
5482dde9-5afa-4346-b158-1a125ce4e4a0,MEGAPT100980,2015-03-16,LENO.2,LENO.2.20,20,30,0.00121,sk,,20211222T034710Z,RELEASE-2022
bfce6110-21d0-4aba-812d-f4f42183e53c,MEGAPT100980,2015-03-16,LENO.1,LENO.1.40,40,50,0.001,sk,,20211222T034710Z,RELEASE-2022
05710c48-f0f4-4f33-b244-a0c1efb31f03,MEGAPT100980,2015-03-16,LENO.1,LENO.1.70,70,80,0.0011,sk,,20211222T034710Z,RELEASE-2022
5352d8e0-3da2-436a-afcc-1a2432a0f87f,MEGAPT100980,2015-03-16,LENO.1,LENO.1.50,50,60,0.001,sk,,20211222T034710Z,RELEASE-2022
2b98e49e-57c4-4b06-b991-bc68044c4476,MEGAPT100980,2015-03-16,LENO.1,LENO.1.120,120,140,0.002,sk,,20211222T034710Z,RELEASE-2022
270f27bd-025e-4e8f-ab0a-a97adf9a7419,MEGAPT100980,2015-03-16,LENO.3,LENO.3.20,20,30,0.0015,sk,,20211222T034710Z,RELEASE-2022
77b96182-2e85-4be4-bef6-288c1a4cd9ca,MEGAPT100980,2015-03-16,LENO.2,LENO.2.10,10,20,0.0011,sk,,20211222T034710Z,RELEASE-2022
050f869c-245a-42fa-af7a-c1db75b272b8,MEGAPT100980,2015-03-16,LENO.1,LENO.1.180,180,200,0.002,sk,,20211222T034710Z,RELEASE-2022
3c7ce938-c73c-4574-8023-5ee3e81f0b4d,MEGAPT100980,2015-03-16,LENO.1,LENO.1.80,80,90,0.001,sk,,20211222T034710Z,RELEASE-2022
c838bf5f-c944-4fff-9a10-288f1e54e93a,MEGAPT100980,2015-03-16,LENO.2,LENO.2.0,0,10,0.0012,sk,,20211222T034710Z,RELEASE-2022
80865e13-b04a-43d4-8661-3510c988e072,MEGAPT100980,2015-03-16,LENO.2,LENO.2.90,90,100,0.001,sk,,20211222T034710Z,RELEASE-2022
31c8b7dd-93b8-4285-a186-1e4e9c61366f,MEGAPT100980,2015-03-16,LENO.3,LENO.3.30,30,40,0.001,sk,,20211222T034710Z,RELEASE-2022
506d10ac-5ea9-4472-9c70-056d31c31660,MEGAPT100980,2015-03-16,LENO.1,LENO.1.60,60,70,7e-04,sk,,20211222T034710Z,RELEASE-2022
94b64037-4e8b-40c1-907c-9f5339e09ecf,MEGAPT100980,2015-03-16,LENO.3,LENO.3.90,90,100,0.001,sk,,20211222T034710Z,RELEASE-2022
0aaf17f0-5def-4b43-884a-ad5fc224a226,MEGAPT100980,2015-03-16,LENO.1,LENO.1.10,10,20,0.001,sk,,20211222T034710Z,RELEASE-2022
25a26eb9-5390-48b9-9ac9-f386e27aaa35,MEGAPT100980,2015-03-16,LENO.3,LENO.3.100,100,120,0.002,sk,,20211222T034710Z,RELEASE-2022
13a68dcb-b68b-471c-8631-a10a67c95b3d,MEGAPT100980,2015-03-16,LENO.2,LENO.2.100,100,120,0.002,sk,,20211222T034710Z,RELEASE-2022
71ab3e87-0bd7-4d13-ab79-bfc46593fe38,MEGAPT100980,2015-03-16,LENO.2,LENO.2.70,70,80,0.001,sk,,20211222T034710Z,RELEASE-2022
990fefdf-9648-46dc-939d-9a7e193cdf84,MEGAPT100980,2015-03-16,LENO.1,LENO.1.30,30,40,0.001,sk,,20211222T034710Z,RELEASE-2022
5e8c8b8e-b61d-4357-b282-7e3b6e5c41b5,MEGAPT100980,2015-03-16,LENO.2,LENO.2.180,180,200,0.002,sk,,20211222T034710Z,RELEASE-2022
2d54d099-88b6-4a97-97c2-9c871435ee62,MEGAPT100980,2015-03-16,LENO.2,LENO.2.160,160,180,0.002,sk,,20211222T034710Z,RELEASE-2022
cca1a612-464f-4e51-aff3-fe88fd92ab2f,MEGAPT100980,2015-03-16,LENO.2,LENO.2.120,120,140,0.002,sk,,20211222T034710Z,RELEASE-2022
a4699f83-10b6-47a8-a616-2f38b456f295,MEGAPT100980,2015-03-16,LENO.2,LENO.2.140,140,160,0.002,sk,,20211222T034710Z,RELEASE-2022
b71146f3-af3b-4070-94da-45adf8cb87ff,MEGAPT100980,2015-03-16,LENO.1,LENO.1.160,160,180,0.002,sk,,20211222T034710Z,RELEASE-2022
2cc848dd-9bd1-4053-987c-1af3136156e9,MEGAPT100980,2015-03-16,LENO.3,LENO.3.0,0,10,0.001,sk,,20211222T034710Z,RELEASE-2022
65c60eae-4c99-4c7c-aa35-db30f841217e,MEGAPT100980,2015-03-16,LENO.1,LENO.1.140,140,160,0.002,sk,,20211222T034710Z,RELEASE-2022
e5079a8a-471d-49a1-9cd2-db30045e057b,MEGAPT100980,2015-03-16,LENO.1,LENO.1.100,100,120,0.002,sk,,20211222T034710Z,RELEASE-2022
0298349e-6655-4936-97c9-d0362a793a0c,MEGAPT100980,2015-03-16,LENO.3,LENO.3.10,10,20,0.0018,sk,,20211222T034710Z,RELEASE-2022
64fe23a7-be75-4496-9049-4604c59f0d93,MEGAPT100980,2015-03-16,LENO.1,LENO.1.20,20,30,9e-04,sk,,20211222T034710Z,RELEASE-2022
